feature,train_mean,holdout_mean,train_std,holdout_std,ks_stat,corr_train,corr_holdout,corr_diff,concept_drift
price_above_sma50,0.5290492957746479,0.6026097271648873,0.4991554251082493,0.4893579915472387,0.07356043139023938,0.07771888480906199,-0.20553120136404465,-0.28325008617310665,True
price_above_sma20,0.5117370892018779,0.575326215895611,0.4998622217542221,0.4942933958681299,0.06358912669373296,0.0955807088680424,-0.08016405008020634,-0.17574475894824876,True
stoch_d,0.5073868769949847,0.5468342963689402,0.25378818248875984,0.24281377267267307,0.0824948206439109,0.09006595276751474,-0.08049421410418481,-0.17056016687169956,True
bb_bandwidth,0.025474993410700784,0.023805722899239427,0.01524265739669349,0.022237672020377075,0.17572323024743958,-0.0690202940259469,0.09811732533429808,0.16713761936024496,True
rsi_14,49.82601594503563,53.226098465063885,11.97964673786052,12.289025775036846,0.09493154060782247,0.07951055742670492,-0.06923074128856294,-0.14874129871526787,True
sma20_above_sma50,0.5440140845070423,0.5931198102016607,0.49805899285627503,0.4912521765325897,0.04910572569461846,0.05242352052655131,-0.09442904947759968,-0.146852570004151,True
day_sin,-0.004547220705485105,-0.003469494349401525,0.7057257234915482,0.7082309722546333,0.0033383873824202603,-0.10344334892192449,0.04221774766128474,0.14566109658320922,True
rsi_21,49.76783814830946,53.318555596006476,9.82306071627163,10.66483995122586,0.11189497602459358,0.07348242440459085,-0.060319254359640764,-0.1338016787642316,True
bb_position,0.5066114177039182,0.5503026144749444,0.32832836414177047,0.32326855998437715,0.08291355487611313,0.0726433908854647,-0.05533783984459523,-0.12798123073005993,True
rsi_7,49.91698204642815,53.03570277753589,16.451643833953376,16.383192087665975,0.07394261774681302,0.06573435128013957,-0.0595134875295091,-0.12524783880964868,True
stoch_k,0.5074159504737041,0.546711411826976,0.27386325687443264,0.2635743636207289,0.0747581574858403,0.0695691169771652,-0.050121299236947706,-0.1196904162141129,True
volatility_20,0.003881808493112546,0.0033438968947116223,0.001862293478918292,0.0021562713204654155,0.24741554308054736,-0.04776921356390669,0.05911980228226244,0.10688901584616914,True
volume_ma_20,415.2429909860915,308.80348272194544,196.86950640879027,165.30034708870926,0.3324321671428333,-0.07807218511136918,0.021508693771697503,0.09958087888306669,True
macd_norm,-0.00026004325301480367,0.001816841565113013,0.0045030257471197445,0.005468645569053732,0.169922560272668,0.09665823572743609,-0.0013373972576694244,-0.09799563298510551,True
atr_norm_14,0.005962279126585613,0.005005608117104757,0.0024302623737229093,0.00270473940995329,0.2671054500192137,-0.0689964329425394,0.027292423898458727,0.09628885684099814,True
volatility_parkinson_20,0.004076256084101931,0.0035017097711052183,0.0016347373985305036,0.001987290367807707,0.2985324461597581,-0.04921472734341438,0.04699188456135444,0.09620661190476881,True
macd_signal_norm,-0.0002579560988880412,0.0017968109651091428,0.004263558112079013,0.005242271251660763,0.17609184167877967,0.07562518317583522,-0.01858187238701259,-0.09420705556284781,True
sma_cross_10_50,-0.0005451030771430446,0.0055472982676392155,0.012837155732085086,0.016682642668873315,0.17245271749118674,0.07909534898234566,-0.012305612293657226,-0.09140096127600289,True
volatility_garman_klass_20,0.004131975052307557,0.0035420480120640753,0.0016024993163050929,0.0019207084615084154,0.29662882395201584,-0.04640317750485438,0.04088405970974766,0.08728723721460203,True
ema_cross_5_20,-0.00023547422448116968,0.002049090432516938,0.005900176849463311,0.00703026147903128,0.12869760078859876,0.10627275372563819,0.020207205413034463,-0.08606554831260373,False
volatility_50,0.0040242281632629625,0.003456926833002866,0.0015184810622892485,0.0019027817423485718,0.33290624530098745,-0.03224016336930576,0.05342817311758728,0.08566833648689304,True
rsi_slope_3,-0.006964140334584782,0.018739432670002214,7.7523559758980465,8.076112522123944,0.021941256077389615,-0.03169583379676928,0.05366728211353534,0.08536311591030463,True
sma_cross_5_20,-0.000217281018839812,0.0020924048321056383,0.007532189185855372,0.0085173889349648,0.10643367918065927,0.12037903504020933,0.038200216926080215,-0.08217881811412911,False
sma_ratio_50,-0.0006497564635093847,0.0068552830817157455,0.01586243154275861,0.020593497180645504,0.1641166691728067,0.079620967757492,-0.0024849226539838463,-0.08210589041147584,True
log_return_50,-0.0013806322504634034,0.01355038689165413,0.028198494334218147,0.03739617625730848,0.15201410121464254,0.043663348402114735,-0.03566036353089367,-0.07932371193300841,True
ema_ratio_50,-0.000717441335328348,0.006550853247355976,0.01371053072696898,0.017876729475737454,0.1574534693331997,0.07590642612789827,0.0021980106626495813,-0.0737084154652487,False
log_return_2,-6.289279635873156e-05,0.0005546151531656119,0.0059843832842786495,0.005733436153545527,0.08321951280637563,-0.02260235952962012,0.04492320195359765,0.06752556148321777,True
log_return_20,-0.0006262045638039011,0.005554516404827997,0.01747815350287251,0.02032356724165271,0.1322291697993417,0.10675484065977804,0.04915691227182384,-0.0575979283879542,False
log_return_10,-0.0002940943665288168,0.002768110915482884,0.01237749658473806,0.013565726383049929,0.09371293001186237,0.08387150419203965,0.027529485804632613,-0.05634201838740703,False
hl_ratio,1.0059787780625078,1.0050429635727358,0.004282865291702108,0.004505036429405274,0.16515671729069556,-0.03780224694148092,0.014475216748602925,0.05227746369008385,True
hl_spread,0.005951832740138981,0.005017276983736645,0.004234906334319522,0.004422930989243338,0.16453227072995508,-0.03785628259803263,0.013946295209891603,0.05180257780792423,True
ema_ratio_20,-0.0002889026218928317,0.0026154257941004657,0.008397566245336791,0.009706821145905271,0.13238998045210765,0.07839783861673608,0.027244211269735617,-0.05115362734700046,False
log_returns,-3.2392327367248426e-05,0.0002765566600315438,0.004282415406954209,0.004008083012109623,0.0755653434247239,-0.014801923369347571,0.034799164692573395,0.04960108806192097,False
log_return_1,-3.2392327367248426e-05,0.0002765566600315438,0.004282415406954209,0.004008083012109623,0.0755653434247239,-0.014801905725226178,0.03479910216545465,0.04960100789068082,False
returns,-2.32260414775038e-05,0.00028465454846948735,0.004279992094119419,0.004028184073979028,0.0755653434247239,-0.014795730660494156,0.03479520081525011,0.04959093147574427,False
sma_ratio_20,-0.0002674591369588793,0.002663599460028425,0.009730068566392885,0.010943538434746904,0.11006653801814445,0.08862803920429571,0.0434948378835586,-0.04513320132073711,False
volatility_ratio,0.9663949470179869,0.9690438292485253,0.2730087854381352,0.2810209553793125,0.058401416804504336,-0.03768898654726187,0.007325501791051461,0.04501448833831333,False
lower_shadow,0.283855571391807,0.27904665326875905,0.2053452116508954,0.21945247800380616,0.05943102267221359,-0.020941566548632787,0.02204227288703256,0.04298383943566535,False
sma_ratio_5,-5.894985102822322e-05,0.0005571206594392594,0.0045314053609181604,0.0045170973094055865,0.07763708586035784,-0.00985454858117938,0.0328708678392743,0.04272541642045368,False
price_close,69710.66942488262,70629.54958481612,6490.783353250239,7139.155403663656,0.21419874525921845,-0.007008740587412713,0.035193184128403984,0.0422019247158167,False
price_high,69914.61999706572,70802.46868327403,6486.723983269491,7206.249343034808,0.22041083989106647,-0.007164054648681337,0.03447414430680142,0.041638198955482764,False
hour_sin,-1.3552018140964352e-17,-1.3696701608661481e-17,0.7071067811865476,0.7059600318315149,0.0014827995255041193,0.011402981526311457,0.05301679415785776,0.0416138126315463,False
log_return_3,-9.288107890231102e-05,0.000830002570095594,0.007191223312926055,0.007120380075210597,0.08823074866756886,-0.009753393390139118,0.030962660919197648,0.040716054309336766,False
price_open,69712.82901995305,70609.91008303677,6489.793743932934,7137.18539194609,0.21301250563881513,-0.0064074704397489995,0.033763900043961764,0.040171370483710764,False
price_low,69503.90594776995,70436.88021352312,6493.630652740519,7060.936002436092,0.20558910998613267,-0.005348327311676176,0.03481947445931501,0.04016780177099119,False
body_size,0.4396660871449936,0.43772725088961445,0.2532953764956463,0.2559203499154392,0.030799416904749966,0.00043425973266580237,-0.03832017936189802,-0.038754439094563824,False
day_cos,-0.010499876286945133,-0.0007918894446843969,0.7083927431758072,0.7059718304998605,0.007849439460010321,0.0010680182579414612,-0.03409399186999205,-0.03516201012793351,False
fng_ma_7,0.0,0.0,0.0,0.0,0.0,-0.005939324544834845,0.027722516944692067,0.03366184148952691,False
hour_cos,-5.420807256385741e-17,-0.0034778785914331934,0.7071067811865476,0.7082431346768917,0.0031138790035587227,-0.00950511757220756,-0.040953317973877794,-0.031448200401670234,False
volume_zscore_20,0.035851485563104406,0.03176203033822973,1.092411783440935,1.099477315827723,0.020348812924999578,-0.024168241654807635,0.004895128641351348,0.029063370296158984,False
volume_ratio,1.0290127040613681,1.0324591060871713,0.6514179947866834,0.7641558923239761,0.04765529714467115,-0.013981875222399945,0.014999239893779463,0.028981115116179408,False
candle_direction,-0.0010538499844514177,0.017402463643461305,0.5074088148028872,0.5067519372744009,0.03282521343959366,-0.017100508872571207,0.011713736266689093,0.0288142451392603,False
fng_norm,0.0,0.0,0.0,0.0,0.0,0.0036713281181380486,0.030443912998048737,0.026772584879910688,False
ema_ratio_5,-6.46674549567347e-05,0.0005501484038550739,0.0036559485339643493,0.0037101666711253523,0.08359021268775166,0.008633271919868334,0.03216823150978654,0.023534959589918206,False
volume_price_trend,-5.399361050580667e-05,0.0006588060862379504,0.002486432983474666,0.00379894871634553,0.12224115750254788,0.09033568466602596,0.06693785808366129,-0.023397826582364667,False
macd_diff_norm,-2.0871541267625418e-06,2.003060000387019e-05,0.0013017279102725849,0.0013423433999701765,0.06225878402085111,0.08667077246710325,0.06711985085637837,-0.019550921610724886,False
sentiment_ma_5,0.0,0.0,0.0,0.0,0.0,-0.00833988386896124,-0.027328234915289875,-0.018988351046328636,False
log_return_5,-0.00015127494178059553,0.0013832187844327979,0.009019660077214692,0.00930025022014822,0.08890740647920739,0.02457897065569073,0.006076623790340808,-0.01850234686534992,False
sma_ratio_10,-0.0001260502758209183,0.0012571960211634739,0.00670747238546313,0.007143220099746399,0.09917318263077873,0.03703665222093025,0.019497456500822467,-0.017539195720107783,False
ema_ratio_10,-0.00014001299652807554,0.0012415989380490662,0.005682933885764014,0.006100945665284261,0.12042733864635025,0.04760486909626722,0.031999227458241984,-0.015605641638025233,False
sentiment,0.0,0.0,0.0,0.0,0.0,0.006533663130045667,0.019212982230029138,0.01267931909998347,False
volume_zscore_50,0.03516399184571807,0.04864995014414065,1.109452775448045,1.1212953385854538,0.0326435182864685,-0.01896428460993346,-0.00872635832526071,0.010237926284672749,False
fng_zscore_14,0.0,0.0,0.0,0.0,0.0,-0.02024455607491245,-0.016136395291309717,0.004108160783602734,False
upper_shadow,0.2764783414278364,0.28322609578706104,0.20649686565020733,0.21034306595761887,0.02735869547056946,0.020292096748563325,0.0236265595447301,0.0033344627961667747,False
