timestamp,open,high,low,close,volume
2026-09-03 13:50:00+00:00,78834.1,78976.1,78826.4,78957.8,12.87624
2026-09-03 13:51:00+00:00,78957.8,78967.8,78913.3,78918.3,9.482414
2026-09-03 13:52:00+00:00,78918.3,78918.5,78836.9,78849.4,10.194521
2026-09-03 13:53:00+00:00,78849.4,78870.4,78803.3,78803.4,4.957977
2026-09-03 13:54:00+00:00,78803.4,78811.9,78767.1,78775.0,8.585486
2026-09-03 13:55:00+00:00,78775.0,78782.7,78750.6,78760.6,3.531125
2026-09-03 13:56:00+00:00,78760.6,78763.0,78744.1,78744.1,3.20274
2026-09-03 13:57:00+00:00,78744.1,78858.2,78744.0,78834.6,4.8804
2026-09-03 13:58:00+00:00,78834.6,78870.3,78824.4,78866.4,8.035439
2026-09-03 13:59:00+00:00,78866.4,78866.4,78831.2,78841.3,1.877499
2026-09-03 14:00:00+00:00,78841.3,78841.3,78700.9,78700.9,11.647586
2026-09-03 14:01:00+00:00,78700.9,78801.0,78700.9,78768.4,5.943342
2026-09-03 14:02:00+00:00,78768.4,78866.2,78768.4,78839.0,13.159227
2026-09-03 14:03:00+00:00,78839.0,78890.3,78776.0,78883.9,14.045642
2026-09-03 14:04:00+00:00,78883.9,78925.9,78880.0,78902.9,7.027478
2026-09-03 14:05:00+00:00,78902.9,78925.0,78849.0,78884.9,5.520671
2026-09-03 14:06:00+00:00,78884.9,78923.0,78872.9,78923.0,9.838044
2026-09-03 14:07:00+00:00,78923.0,78940.8,78894.8,78898.0,8.317765
2026-09-03 14:08:00+00:00,78898.0,78934.8,78853.9,78934.8,13.067699
2026-09-03 14:09:00+00:00,78934.8,78956.6,78868.2,78876.2,6.909284
2026-09-03 14:10:00+00:00,78876.2,78895.9,78836.1,78846.2,10.653864
2026-09-03 14:11:00+00:00,78846.2,78959.1,78802.3,78959.1,6.356925
2026-09-03 14:12:00+00:00,78959.1,79010.1,78904.2,78918.5,12.570197
2026-09-03 14:13:00+00:00,78918.5,78964.7,78918.0,78956.8,3.428451
2026-09-03 14:14:00+00:00,78956.8,78991.7,78909.5,78991.7,5.957892
2026-09-03 14:15:00+00:00,78991.7,79024.3,78988.4,78988.4,5.399667
2026-09-03 14:16:00+00:00,78988.4,79076.4,78988.4,79067.2,16.182472
2026-09-03 14:17:00+00:00,79067.2,79120.6,79056.4,79120.6,14.666115
2026-09-03 14:18:00+00:00,79120.6,79142.3,79002.9,79006.5,10.863833
2026-09-03 14:19:00+00:00,79006.5,79040.1,78993.2,79011.8,5.99215
2026-09-03 14:20:00+00:00,79011.8,79102.1,79011.8,79087.7,5.875685
2026-09-03 14:21:00+00:00,79087.7,79145.9,79083.4,79109.5,8.869473
2026-09-03 14:22:00+00:00,79109.5,79230.6,79109.5,79230.5,15.185119
2026-09-03 14:23:00+00:00,79230.5,79311.7,79220.1,79299.7,11.892348
2026-09-03 14:24:00+00:00,79299.7,79381.9,79298.3,79372.4,11.390542
2026-09-03 14:25:00+00:00,79372.4,79522.9,79369.6,79457.1,32.817534
2026-09-03 14:26:00+00:00,79457.1,79583.7,79436.9,79562.1,14.762839
2026-09-03 14:27:00+00:00,79562.1,79610.4,79547.8,79573.8,12.989847
2026-09-03 14:28:00+00:00,79573.8,79671.6,79572.8,79600.5,19.859743
2026-09-03 14:29:00+00:00,79600.5,79695.2,79570.9,79668.3,33.292845
2026-09-03 14:30:00+00:00,79668.3,79798.2,79605.4,79753.4,23.573524
2026-09-03 14:31:00+00:00,79753.4,79798.1,79685.7,79781.3,18.464502
2026-09-03 14:32:00+00:00,79781.3,79883.6,79781.1,79835.3,37.901832
2026-09-03 14:33:00+00:00,79835.3,79878.2,79695.1,79772.8,24.208681
2026-09-03 14:34:00+00:00,79772.8,79779.1,79688.8,79769.4,17.021841
2026-09-03 14:35:00+00:00,79769.4,79846.5,79759.6,79793.6,20.909497
2026-09-03 14:36:00+00:00,79793.6,79866.5,79730.4,79738.3,13.773939
2026-09-03 14:37:00+00:00,79738.3,79773.6,79668.4,79770.5,24.665787
2026-09-03 14:38:00+00:00,79770.5,79817.2,79733.0,79746.9,32.211844
2026-09-03 14:39:00+00:00,79746.9,79809.8,79664.6,79668.3,21.138446
2026-09-03 14:40:00+00:00,79668.3,79732.3,79602.5,79624.6,14.012187
2026-09-03 14:41:00+00:00,79624.6,79704.1,79617.1,79704.1,13.159696
2026-09-03 14:42:00+00:00,79704.1,79890.8,79704.1,79828.1,10.735615
2026-09-03 14:43:00+00:00,79828.1,79870.5,79780.5,79811.8,19.325842
2026-09-03 14:44:00+00:00,79811.8,79841.4,79732.1,79772.4,9.509092
2026-09-03 14:45:00+00:00,79772.4,79876.9,79765.6,79876.8,10.44685
2026-09-03 14:46:00+00:00,79876.8,79957.6,79876.2,79955.9,15.797711
2026-09-03 14:47:00+00:00,79955.9,80013.2,79944.0,79987.0,17.58259
2026-09-03 14:48:00+00:00,79987.0,80350.0,79986.9,80339.6,70.625308
2026-09-03 14:49:00+00:00,80339.6,80500.0,80338.5,80361.9,56.069482
2026-09-03 14:50:00+00:00,80361.9,80476.7,80274.8,80338.1,26.712638
2026-09-03 14:51:00+00:00,80338.1,80338.1,80129.7,80188.3,30.430583
2026-09-03 14:52:00+00:00,80188.3,80249.3,80109.9,80189.1,19.165911
2026-09-03 14:53:00+00:00,80189.1,80259.7,80150.1,80213.9,13.451348
2026-09-03 14:54:00+00:00,80213.9,80282.8,80206.1,80264.0,6.668734
2026-09-03 14:55:00+00:00,80264.0,80298.6,80216.9,80279.2,14.920807
2026-09-03 14:56:00+00:00,80279.2,80296.4,80133.9,80296.3,25.468606
2026-09-03 14:57:00+00:00,80296.3,80366.9,80246.0,80294.8,14.940037
2026-09-03 14:58:00+00:00,80294.8,80481.7,80294.8,80462.2,37.256949
2026-09-03 14:59:00+00:00,80462.2,80578.3,80403.4,80554.8,18.813362
2026-09-03 15:00:00+00:00,80554.8,80649.9,80500.1,80572.7,21.382575
2026-09-03 15:01:00+00:00,80572.7,80882.0,80569.2,80733.1,24.919092
2026-09-03 15:02:00+00:00,80733.1,80964.4,80733.0,80838.7,32.027861
2026-09-03 15:03:00+00:00,80838.7,80934.1,80757.4,80934.0,28.381627
2026-09-03 15:04:00+00:00,80934.0,80977.7,80682.6,80826.7,20.53385
2026-09-03 15:05:00+00:00,80826.7,80891.1,80711.7,80867.4,10.302808
2026-09-03 15:06:00+00:00,80867.4,80888.2,80711.8,80736.5,14.839099
2026-09-03 15:07:00+00:00,80736.5,80789.6,80665.6,80698.2,14.946603
2026-09-03 15:08:00+00:00,80698.2,80728.4,80646.0,80691.1,17.018181
2026-09-03 15:09:00+00:00,80691.1,80695.4,80558.4,80603.9,10.327733
2026-09-03 15:10:00+00:00,80603.9,80603.9,80513.6,80551.7,14.097467
2026-09-03 15:11:00+00:00,80551.7,80569.4,80454.7,80458.4,13.860227
2026-09-03 15:12:00+00:00,80458.4,80489.5,80361.4,80489.5,19.243162
2026-09-03 15:13:00+00:00,80489.5,80599.5,80486.4,80594.9,11.884106
2026-09-03 15:14:00+00:00,80594.9,80648.8,80550.9,80564.1,7.075167
2026-09-03 15:15:00+00:00,80564.1,80654.3,80516.0,80516.0,5.742106
2026-09-03 15:16:00+00:00,80516.0,80564.7,80471.7,80528.1,9.191928
2026-09-03 15:17:00+00:00,80528.1,80582.7,80474.1,80582.7,5.935324
2026-09-03 15:18:00+00:00,80582.7,80655.8,80496.7,80652.9,20.608941
2026-09-03 15:19:00+00:00,80652.9,80668.8,80552.0,80613.0,7.74472
2026-09-03 15:20:00+00:00,80613.0,80633.9,80562.2,80614.7,5.706902
2026-09-03 15:21:00+00:00,80614.7,80665.8,80582.8,80653.5,8.400206
2026-09-03 15:22:00+00:00,80653.5,80663.9,80536.7,80646.4,6.662049
2026-09-03 15:23:00+00:00,80646.4,80789.2,80646.1,80767.8,13.794511
2026-09-03 15:24:00+00:00,80767.8,80777.1,80743.6,80755.2,4.99278
2026-09-03 15:25:00+00:00,80755.2,80759.6,80653.5,80653.5,4.474905
2026-09-03 15:26:00+00:00,80653.5,80691.1,80626.4,80691.1,6.570101
2026-09-03 15:27:00+00:00,80691.1,80730.9,80666.5,80697.3,6.567868
2026-09-03 15:28:00+00:00,80697.3,80749.8,80690.0,80732.6,4.736834
2026-09-03 15:29:00+00:00,80732.6,80793.0,80708.4,80747.6,9.020477
2026-09-03 15:30:00+00:00,80747.6,80791.1,80726.6,80787.2,11.075342
2026-09-03 15:31:00+00:00,80787.2,80822.1,80764.1,80780.2,8.972906
2026-09-03 15:32:00+00:00,80780.2,80788.1,80685.4,80788.1,5.555646
2026-09-03 15:33:00+00:00,80788.1,80881.8,80788.1,80868.3,23.441367
2026-09-03 15:34:00+00:00,80868.3,80892.1,80821.8,80868.6,6.579593
2026-09-03 15:35:00+00:00,80868.6,80897.1,80860.9,80877.9,18.31452
2026-09-03 15:36:00+00:00,80877.9,80918.9,80862.5,80875.1,9.433185
2026-09-03 15:37:00+00:00,80875.1,80879.7,80761.9,80817.0,8.602016
2026-09-03 15:38:00+00:00,80817.0,80932.0,80807.5,80892.1,9.353909
2026-09-03 15:39:00+00:00,80892.1,80976.8,80881.5,80975.7,6.776648
2026-09-03 15:40:00+00:00,80975.7,81000.0,80927.1,80965.3,13.93653
2026-09-03 15:41:00+00:00,80965.3,80976.1,80910.8,80954.2,5.146758
2026-09-03 15:42:00+00:00,80954.2,80955.5,80872.4,80872.4,4.701384
2026-09-03 15:43:00+00:00,80872.4,80961.9,80872.4,80956.0,14.961286
2026-09-03 15:44:00+00:00,80956.0,80958.8,80860.4,80860.4,5.551612
2026-09-03 15:45:00+00:00,80860.4,80897.8,80840.1,80865.6,7.103699
2026-09-03 15:46:00+00:00,80865.6,80870.4,80733.9,80739.8,5.153876
2026-09-03 15:47:00+00:00,80739.8,80801.2,80730.2,80775.5,6.606492
2026-09-03 15:48:00+00:00,80775.5,80775.6,80736.1,80748.3,5.153235
2026-09-03 15:49:00+00:00,80748.3,80795.3,80748.3,80784.9,4.312387
2026-09-03 15:50:00+00:00,80784.9,80895.8,80783.5,80895.8,4.943619
2026-09-03 15:51:00+00:00,80895.8,81073.5,80895.8,81050.5,38.170143
2026-09-03 15:52:00+00:00,81050.5,81293.4,81030.6,81235.5,36.496758
2026-09-03 15:53:00+00:00,81235.5,81284.0,81164.0,81198.0,28.594551
2026-09-03 15:54:00+00:00,81198.0,81277.1,81152.5,81277.1,9.599915
2026-09-03 15:55:00+00:00,81277.1,81299.9,81147.7,81184.8,15.185713
2026-09-03 15:56:00+00:00,81184.8,81259.6,81176.7,81239.3,9.40736
2026-09-03 15:57:00+00:00,81239.3,81340.9,81239.2,81274.6,11.570573
2026-09-03 15:58:00+00:00,81274.6,81351.0,81269.1,81339.2,13.072026
2026-09-03 15:59:00+00:00,81339.2,81369.6,81311.7,81349.9,8.391793
2026-09-03 16:00:00+00:00,81349.9,81364.3,81261.4,81277.9,9.556482
2026-09-03 16:01:00+00:00,81277.9,81278.5,81210.6,81228.0,10.527282
2026-09-03 16:02:00+00:00,81228.0,81262.6,81074.6,81088.4,16.049816
2026-09-03 16:03:00+00:00,81088.4,81097.8,80832.0,80841.7,24.40383
2026-09-03 16:04:00+00:00,80841.7,80935.5,80782.5,80831.6,22.917869
2026-09-03 16:05:00+00:00,80831.6,80935.5,80785.1,80882.4,12.284887
2026-09-03 16:06:00+00:00,80882.4,80925.6,80811.2,80833.6,8.173024
2026-09-03 16:07:00+00:00,80833.6,81012.4,80805.9,80987.2,8.962008
2026-09-03 16:08:00+00:00,80987.2,81066.7,80976.3,80982.8,13.381628
2026-09-03 16:09:00+00:00,80982.8,81026.0,80970.1,80979.8,7.292426
2026-09-03 16:10:00+00:00,80979.8,81036.7,80926.3,81036.7,8.092995
2026-09-03 16:11:00+00:00,81036.7,81060.2,80984.0,81021.0,6.857491
2026-09-03 16:12:00+00:00,81021.0,81040.1,80916.5,80932.7,4.861569
2026-09-03 16:13:00+00:00,80932.7,80972.4,80900.9,80948.1,6.365087
2026-09-03 16:14:00+00:00,80948.1,80961.1,80897.2,80943.5,3.279178
2026-09-03 16:15:00+00:00,80943.5,80953.0,80864.4,80864.4,8.303061
2026-09-03 16:16:00+00:00,80864.4,80885.6,80821.7,80885.5,10.698381
2026-09-03 16:17:00+00:00,80885.5,80885.5,80780.2,80780.2,7.471928
2026-09-03 16:18:00+00:00,80780.2,80780.3,80713.3,80746.2,14.055573
2026-09-03 16:19:00+00:00,80746.2,80793.1,80700.0,80706.9,9.045762
2026-09-03 16:20:00+00:00,80706.9,80835.1,80691.9,80835.0,8.808987
2026-09-03 16:21:00+00:00,80835.0,80864.5,80798.7,80857.4,8.593404
2026-09-03 16:22:00+00:00,80857.4,80858.7,80806.9,80843.9,5.0386
2026-09-03 16:23:00+00:00,80843.9,80844.8,80740.7,80740.7,4.331437
2026-09-03 16:24:00+00:00,80740.7,80780.0,80705.2,80736.5,5.925934
2026-09-03 16:25:00+00:00,80736.5,80740.8,80631.8,80657.1,11.084546
2026-09-03 16:26:00+00:00,80657.1,80715.2,80629.6,80706.4,12.210625
2026-09-03 16:27:00+00:00,80706.4,80724.3,80664.5,80673.9,4.415088
2026-09-03 16:28:00+00:00,80673.9,80705.4,80617.0,80705.4,6.273234
2026-09-03 16:29:00+00:00,80705.4,80763.8,80697.0,80759.9,5.527836
2026-09-03 16:30:00+00:00,80759.9,80860.0,80759.9,80857.3,6.708755
2026-09-03 16:31:00+00:00,80857.3,80904.7,80800.1,80840.2,9.908336
2026-09-03 16:32:00+00:00,80840.2,80893.5,80829.8,80893.5,6.177493
2026-09-03 16:33:00+00:00,80893.5,80940.4,80884.4,80894.4,3.87061
2026-09-03 16:34:00+00:00,80894.4,80945.7,80870.3,80945.6,2.73164
2026-09-03 16:35:00+00:00,80945.6,80947.3,80851.4,80879.3,4.58431
2026-09-03 16:36:00+00:00,80879.3,80893.8,80835.1,80835.1,3.960169
2026-09-03 16:37:00+00:00,80835.1,80876.0,80791.7,80838.4,8.408603
2026-09-03 16:38:00+00:00,80838.4,80888.7,80827.0,80862.3,3.923292
2026-09-03 16:39:00+00:00,80862.3,80878.1,80839.6,80839.6,3.537212
2026-09-03 16:40:00+00:00,80839.6,80866.1,80828.6,80863.0,1.700198
2026-09-03 16:41:00+00:00,80863.0,80879.1,80824.1,80832.8,3.407453
2026-09-03 16:42:00+00:00,80832.8,80839.0,80810.9,80820.3,3.95445
2026-09-03 16:43:00+00:00,80820.3,80838.5,80776.7,80776.7,3.342351
2026-09-03 16:44:00+00:00,80776.7,80823.4,80768.1,80803.6,4.133214
2026-09-03 16:45:00+00:00,80803.6,80842.3,80777.1,80842.3,7.290961
2026-09-03 16:46:00+00:00,80842.3,80886.7,80829.0,80877.3,3.448842
2026-09-03 16:47:00+00:00,80877.3,80943.1,80877.3,80940.2,4.411558
2026-09-03 16:48:00+00:00,80940.2,81031.6,80940.2,81012.9,8.868452
2026-09-03 16:49:00+00:00,81012.9,81031.6,80952.1,80995.3,5.882911
2026-09-03 16:50:00+00:00,80995.3,81016.3,80988.1,80988.1,1.977848
2026-09-03 16:51:00+00:00,80988.1,80992.6,80960.0,80972.9,3.840707
2026-09-03 16:52:00+00:00,80972.9,81025.4,80972.9,81025.3,5.871423
2026-09-03 16:53:00+00:00,81025.3,81040.9,80888.6,80947.0,3.397136
2026-09-03 16:54:00+00:00,80947.0,80977.2,80944.1,80965.3,3.79091
2026-09-03 16:55:00+00:00,80965.3,80992.3,80955.9,80955.9,2.575555
2026-09-03 16:56:00+00:00,80955.9,81006.1,80947.2,80947.2,4.099211
2026-09-03 16:57:00+00:00,80947.2,80947.3,80905.3,80937.7,1.753001
2026-09-03 16:58:00+00:00,80937.7,80963.6,80910.5,80963.6,3.93914
2026-09-03 16:59:00+00:00,80963.6,80977.3,80947.2,80962.9,5.507961
2026-09-03 17:00:00+00:00,80962.9,80972.6,80905.6,80909.1,2.215268
2026-09-03 17:01:00+00:00,80909.1,80963.0,80897.2,80913.8,3.538954
2026-09-03 17:02:00+00:00,80913.8,80921.4,80891.0,80898.3,5.473423
2026-09-03 17:03:00+00:00,80898.3,80934.4,80890.9,80921.7,5.657796
2026-09-03 17:04:00+00:00,80921.7,80982.4,80921.7,80982.3,2.847355
2026-09-03 17:05:00+00:00,80982.3,81026.0,80956.1,81025.9,5.790824
2026-09-03 17:06:00+00:00,81025.9,81025.9,80883.1,80921.4,5.088945
2026-09-03 17:07:00+00:00,80921.4,80960.5,80921.4,80953.7,2.867102
2026-09-03 17:08:00+00:00,80953.7,81005.6,80953.7,80993.5,3.65826
2026-09-03 17:09:00+00:00,80993.5,81001.4,80971.6,80997.6,1.902405
2026-09-03 17:10:00+00:00,80997.6,81012.3,80962.4,80987.4,4.286502
2026-09-03 17:11:00+00:00,80987.4,81017.5,80972.8,81017.5,2.214095
2026-09-03 17:12:00+00:00,81017.5,81041.9,80992.1,81026.5,5.762699
2026-09-03 17:13:00+00:00,81026.5,81097.0,81023.8,81097.0,6.607277
2026-09-03 17:14:00+00:00,81097.0,81106.6,81073.6,81094.6,4.102722
2026-09-03 17:15:00+00:00,81094.6,81121.3,81072.7,81105.1,5.222491
2026-09-03 17:16:00+00:00,81105.1,81124.2,81071.4,81095.6,3.71803
2026-09-03 17:17:00+00:00,81095.6,81139.3,81063.8,81071.7,4.648811
2026-09-03 17:18:00+00:00,81071.7,81104.5,81023.9,81066.6,6.858437
2026-09-03 17:19:00+00:00,81066.6,81070.0,81043.0,81043.1,3.265602
2026-09-03 17:20:00+00:00,81043.1,81061.5,81001.7,81061.5,4.492112
2026-09-03 17:21:00+00:00,81061.5,81075.3,81033.3,81037.4,3.010025
2026-09-03 17:22:00+00:00,81037.4,81038.5,81000.1,81019.3,3.516471
2026-09-03 17:23:00+00:00,81019.3,81019.3,80988.9,80991.6,4.2667
2026-09-03 17:24:00+00:00,80991.6,80998.9,80922.6,80998.9,5.045724
2026-09-03 17:25:00+00:00,80998.9,81001.6,80960.4,80995.4,2.879474
2026-09-03 17:26:00+00:00,80995.4,81052.2,80976.8,81048.2,5.098885
2026-09-03 17:27:00+00:00,81048.2,81073.6,81018.8,81027.3,3.11319
2026-09-03 17:28:00+00:00,81027.3,81027.3,80973.2,80973.2,6.856554
2026-09-03 17:29:00+00:00,80973.2,81024.8,80970.2,80999.1,6.219139
2026-09-03 17:30:00+00:00,80999.1,81045.3,80994.5,81006.3,3.374557
2026-09-03 17:31:00+00:00,81006.3,81036.9,80994.3,81032.3,3.325097
2026-09-03 17:32:00+00:00,81032.3,81093.0,81032.3,81093.0,2.718208
2026-09-03 17:33:00+00:00,81093.0,81097.1,81070.6,81084.6,4.325777
2026-09-03 17:34:00+00:00,81084.6,81124.1,81084.5,81115.7,5.185241
2026-09-03 17:35:00+00:00,81115.7,81136.0,81060.3,81136.0,6.536298
2026-09-03 17:36:00+00:00,81136.0,81144.3,81123.7,81133.4,2.885406
2026-09-03 17:37:00+00:00,81133.4,81164.5,81101.7,81133.3,3.847834
2026-09-03 17:38:00+00:00,81133.3,81138.5,81083.9,81116.4,4.568228
2026-09-03 17:39:00+00:00,81116.4,81157.3,81116.3,81151.7,2.129794
2026-09-03 17:40:00+00:00,81151.7,81168.1,81122.1,81152.9,4.217678
2026-09-03 17:41:00+00:00,81152.9,81152.9,81110.5,81114.4,2.135027
2026-09-03 17:42:00+00:00,81114.4,81139.3,81073.6,81098.3,3.617073
2026-09-03 17:43:00+00:00,81098.3,81100.1,81070.4,81080.6,1.02723
2026-09-03 17:44:00+00:00,81080.6,81104.1,81064.5,81073.4,7.056808
2026-09-03 17:45:00+00:00,81073.4,81134.1,81039.9,81134.1,8.245843
2026-09-03 17:46:00+00:00,81134.1,81179.7,81117.9,81163.6,5.621312
2026-09-03 17:47:00+00:00,81163.6,81171.0,81159.5,81167.0,1.844157
2026-09-03 17:48:00+00:00,81167.0,81192.6,81128.5,81155.5,4.833959
2026-09-03 17:49:00+00:00,81155.5,81166.9,81127.7,81153.7,3.854864
2026-09-03 17:50:00+00:00,81153.7,81154.0,81084.1,81116.5,5.598791
2026-09-03 17:51:00+00:00,81116.5,81135.1,81081.4,81089.1,5.849136
2026-09-03 17:52:00+00:00,81089.1,81105.9,81073.6,81105.9,2.533751
2026-09-03 17:53:00+00:00,81105.9,81125.7,81062.7,81062.7,4.061271
2026-09-03 17:54:00+00:00,81062.7,81065.3,81017.4,81020.8,2.142351
2026-09-03 17:55:00+00:00,81020.8,81043.9,81017.3,81024.1,3.871702
2026-09-03 17:56:00+00:00,81024.1,81071.1,81022.6,81064.9,2.806212
2026-09-03 17:57:00+00:00,81064.9,81068.9,81030.8,81030.9,4.076991
2026-09-03 17:58:00+00:00,81030.9,81040.6,81010.9,81010.9,2.100812
2026-09-03 17:59:00+00:00,81010.9,81046.6,81005.5,81046.6,4.277397
2026-09-03 18:00:00+00:00,81046.6,81067.0,81014.7,81064.1,4.314493
2026-09-03 18:01:00+00:00,81064.1,81087.0,81049.9,81087.0,1.139637
2026-09-03 18:02:00+00:00,81087.0,81139.0,81076.5,81139.0,5.780027
2026-09-03 18:03:00+00:00,81139.0,81183.3,81138.9,81183.2,1.654316
2026-09-03 18:04:00+00:00,81183.2,81242.1,81164.7,81170.0,15.51632
2026-09-03 18:05:00+00:00,81170.0,81180.9,81144.2,81145.0,8.333736
2026-09-03 18:06:00+00:00,81145.0,81270.7,81145.0,81270.7,7.8855
2026-09-03 18:07:00+00:00,81270.7,81279.3,81233.3,81233.3,5.781153
2026-09-03 18:08:00+00:00,81233.3,81241.1,81200.7,81241.1,4.50513
2026-09-03 18:09:00+00:00,81241.1,81352.5,81239.7,81320.1,17.029546
2026-09-03 18:10:00+00:00,81320.1,81320.1,81235.5,81235.5,7.186886
2026-09-03 18:11:00+00:00,81235.5,81235.5,81165.6,81166.6,4.57912
2026-09-03 18:12:00+00:00,81166.6,81205.2,81166.5,81171.1,2.886312
2026-09-03 18:13:00+00:00,81171.1,81232.0,81171.1,81222.4,4.582623
2026-09-03 18:14:00+00:00,81222.4,81311.1,81222.4,81258.3,10.396924
2026-09-03 18:15:00+00:00,81258.3,81288.3,81245.7,81266.4,3.481672
2026-09-03 18:16:00+00:00,81266.4,81266.4,81200.9,81219.1,7.16824
2026-09-03 18:17:00+00:00,81219.1,81219.1,81172.5,81177.5,2.284345
2026-09-03 18:18:00+00:00,81177.5,81204.7,81160.0,81179.3,5.611688
2026-09-03 18:19:00+00:00,81179.3,81179.3,81121.6,81133.3,9.154623
2026-09-03 18:20:00+00:00,81133.3,81162.5,81121.7,81159.5,4.958375
2026-09-03 18:21:00+00:00,81159.5,81166.8,81124.5,81124.5,4.029066
2026-09-03 18:22:00+00:00,81124.5,81139.1,81097.3,81097.3,2.506214
2026-09-03 18:23:00+00:00,81097.3,81101.2,81021.3,81024.1,6.785823
2026-09-03 18:24:00+00:00,81024.1,81088.9,81021.4,81080.7,4.006144
2026-09-03 18:25:00+00:00,81080.7,81080.7,80961.6,80988.7,8.061602
2026-09-03 18:26:00+00:00,80988.7,81009.4,80963.2,80986.8,5.805876
2026-09-03 18:27:00+00:00,80986.8,81001.1,80978.2,80996.6,3.901065
2026-09-03 18:28:00+00:00,80996.6,80996.7,80965.1,80970.4,3.106413
2026-09-03 18:29:00+00:00,80970.4,80979.8,80945.0,80945.1,2.627092
2026-09-03 18:30:00+00:00,80945.1,80977.5,80890.2,80973.2,9.77482
2026-09-03 18:31:00+00:00,80973.2,80985.6,80906.7,80912.0,7.540165
2026-09-03 18:32:00+00:00,80912.0,80972.7,80903.6,80972.6,2.627525
2026-09-03 18:33:00+00:00,80972.6,80995.3,80972.6,80992.7,1.231509
2026-09-03 18:34:00+00:00,80992.7,80992.8,80943.4,80946.1,1.924347
2026-09-03 18:35:00+00:00,80946.1,81002.3,80946.1,80997.7,3.122716
2026-09-03 18:36:00+00:00,80997.7,81000.9,80969.4,80998.6,1.847765
2026-09-03 18:37:00+00:00,80998.6,81003.8,80949.0,81003.8,3.446772
2026-09-03 18:38:00+00:00,81003.8,81029.6,80991.6,81029.6,5.863952
2026-09-03 18:39:00+00:00,81029.6,81029.6,80995.7,81017.8,4.297186
2026-09-03 18:40:00+00:00,81017.8,81019.1,80967.4,81007.0,3.372103
2026-09-03 18:41:00+00:00,81007.0,81049.6,81006.9,81033.4,2.143274
2026-09-03 18:42:00+00:00,81033.4,81033.5,80964.0,80981.0,4.975578
2026-09-03 18:43:00+00:00,80981.0,80992.2,80945.2,80992.2,2.553905
2026-09-03 18:44:00+00:00,80992.2,80992.2,80972.4,80981.4,1.639575
2026-09-03 18:45:00+00:00,80981.4,81010.0,80965.1,81010.0,2.220167
2026-09-03 18:46:00+00:00,81010.0,81032.0,81010.0,81027.0,1.106253
2026-09-03 18:47:00+00:00,81027.0,81035.3,80999.7,81010.7,3.998618
2026-09-03 18:48:00+00:00,81010.7,81019.5,81004.0,81012.6,2.405777
2026-09-03 18:49:00+00:00,81012.6,81047.7,81009.7,81047.6,1.554872
2026-09-03 18:50:00+00:00,81047.6,81060.8,81034.7,81060.8,1.899609
2026-09-03 18:51:00+00:00,81060.8,81080.0,81060.7,81078.0,1.322853
2026-09-03 18:52:00+00:00,81078.0,81134.1,81078.0,81121.4,2.372899
2026-09-03 18:53:00+00:00,81121.4,81184.6,81120.6,81184.6,3.895132
2026-09-03 18:54:00+00:00,81184.6,81192.6,81171.7,81173.1,1.67923
2026-09-03 18:55:00+00:00,81173.1,81219.0,81173.0,81219.0,2.593243
2026-09-03 18:56:00+00:00,81219.0,81266.1,81203.0,81236.0,3.42198
2026-09-03 18:57:00+00:00,81236.0,81267.9,81232.1,81267.8,1.748278
2026-09-03 18:58:00+00:00,81267.8,81267.8,81252.6,81266.8,1.777207
2026-09-03 18:59:00+00:00,81266.8,81266.8,81245.5,81256.4,3.439767
2026-09-03 19:00:00+00:00,81256.4,81256.4,81210.0,81235.8,9.07517
2026-09-03 19:01:00+00:00,81235.8,81276.0,81235.8,81261.5,8.256063
2026-09-03 19:02:00+00:00,81261.5,81280.7,81241.5,81241.5,4.806481
2026-09-03 19:03:00+00:00,81241.5,81252.7,81231.0,81248.4,3.978773
2026-09-03 19:04:00+00:00,81248.4,81442.2,81248.4,81440.3,24.814004
2026-09-03 19:05:00+00:00,81440.3,81662.9,81303.6,81321.1,39.193266
2026-09-03 19:06:00+00:00,81321.1,81346.6,81175.1,81250.0,7.70581
2026-09-03 19:07:00+00:00,81250.0,81327.2,81212.0,81311.0,6.061361
2026-09-03 19:08:00+00:00,81311.0,81311.0,81182.3,81214.5,6.998096
2026-09-03 19:09:00+00:00,81214.5,81278.8,81213.1,81278.7,2.311479
2026-09-03 19:10:00+00:00,81278.7,81301.9,81272.8,81289.0,3.835666
2026-09-03 19:11:00+00:00,81289.0,81290.4,81215.8,81215.8,2.445027
2026-09-03 19:12:00+00:00,81215.8,81250.9,81215.8,81219.9,4.282257
2026-09-03 19:13:00+00:00,81219.9,81266.8,81219.9,81255.5,3.806774
2026-09-03 19:14:00+00:00,81255.5,81255.5,81184.6,81207.9,2.823291
2026-09-03 19:15:00+00:00,81207.9,81207.9,81176.0,81183.3,2.750129
2026-09-03 19:16:00+00:00,81183.3,81233.3,81182.5,81229.6,6.28941
2026-09-03 19:17:00+00:00,81229.6,81277.6,81219.7,81264.7,1.739167
2026-09-03 19:18:00+00:00,81264.7,81350.6,81246.1,81350.6,5.143984
2026-09-03 19:19:00+00:00,81350.6,81377.8,81350.6,81377.8,3.025061
2026-09-03 19:20:00+00:00,81377.8,81527.5,81374.1,81527.5,6.118626
2026-09-03 19:21:00+00:00,81527.5,81583.9,81478.0,81583.9,6.02668
2026-09-03 19:22:00+00:00,81583.9,81583.9,81524.3,81553.3,5.387856
2026-09-03 19:23:00+00:00,81553.3,81609.4,81543.4,81551.5,3.67032
2026-09-03 19:24:00+00:00,81551.5,81562.1,81515.7,81530.1,4.299949
2026-09-03 19:25:00+00:00,81530.1,81530.1,81391.0,81443.4,6.081388
2026-09-03 19:26:00+00:00,81443.4,81512.5,81429.7,81477.2,3.694499
2026-09-03 19:27:00+00:00,81477.2,81498.7,81476.1,81498.7,1.225643
2026-09-03 19:28:00+00:00,81498.7,81562.7,81493.1,81552.7,6.468803
2026-09-03 19:29:00+00:00,81552.7,81563.3,81546.9,81546.9,1.621922
2026-09-03 19:30:00+00:00,81546.9,81562.0,81488.6,81496.8,3.420713
2026-09-03 19:31:00+00:00,81496.8,81506.0,81453.5,81453.5,8.27943
2026-09-03 19:32:00+00:00,81453.5,81453.6,81380.0,81417.5,3.510262
2026-09-03 19:33:00+00:00,81417.5,81456.9,81417.5,81443.0,2.79861
2026-09-03 19:34:00+00:00,81443.0,81447.4,81415.4,81420.2,2.605994
2026-09-03 19:35:00+00:00,81420.2,81425.8,81390.9,81390.9,1.858788
2026-09-03 19:36:00+00:00,81390.9,81436.8,81390.9,81436.7,3.273089
2026-09-03 19:37:00+00:00,81436.7,81436.7,81397.1,81405.2,2.188614
2026-09-03 19:38:00+00:00,81405.2,81466.2,81404.0,81466.2,3.413323
2026-09-03 19:39:00+00:00,81466.2,81523.0,81452.1,81517.7,4.337317
2026-09-03 19:40:00+00:00,81517.7,81599.9,81493.9,81597.0,3.638015
2026-09-03 19:41:00+00:00,81597.0,81620.4,81560.4,81586.1,3.80925
2026-09-03 19:42:00+00:00,81586.1,81596.1,81558.4,81571.4,2.541812
2026-09-03 19:43:00+00:00,81571.4,81588.8,81524.6,81524.6,6.068122
2026-09-03 19:44:00+00:00,81524.6,81551.2,81496.0,81544.3,2.415675
2026-09-03 19:45:00+00:00,81544.3,81629.5,81537.7,81629.4,6.373055
2026-09-03 19:46:00+00:00,81629.4,81629.5,81606.3,81617.3,3.141546
2026-09-03 19:47:00+00:00,81617.3,81621.9,81494.8,81494.8,5.510662
2026-09-03 19:48:00+00:00,81494.8,81531.6,81457.2,81472.4,5.741709
2026-09-03 19:49:00+00:00,81472.4,81480.5,81452.0,81461.8,2.996114
2026-09-03 19:50:00+00:00,81461.8,81548.8,81461.8,81535.5,7.54042
2026-09-03 19:51:00+00:00,81535.5,81600.0,81508.3,81599.9,2.794278
2026-09-03 19:52:00+00:00,81599.9,81756.7,81588.0,81690.3,15.297854
2026-09-03 19:53:00+00:00,81690.3,81702.5,81601.1,81601.3,8.154832
2026-09-03 19:54:00+00:00,81601.3,81691.0,81587.2,81691.0,5.577705
2026-09-03 19:55:00+00:00,81691.0,81756.8,81662.6,81748.6,10.283318
2026-09-03 19:56:00+00:00,81748.6,81778.1,81728.3,81747.3,9.370173
2026-09-03 19:57:00+00:00,81747.3,81798.2,81745.6,81747.1,15.191517
2026-09-03 19:58:00+00:00,81747.1,81776.5,81747.1,81757.1,8.583873
2026-09-03 19:59:00+00:00,81757.1,81780.8,81728.0,81754.5,14.59444
2026-09-03 20:00:00+00:00,81754.5,81785.2,81483.1,81504.3,21.337256
2026-09-03 20:01:00+00:00,81504.3,81520.4,81395.0,81455.7,12.597713
2026-09-03 20:02:00+00:00,81455.7,81508.1,81423.6,81480.5,9.088566
2026-09-03 20:03:00+00:00,81480.5,81558.9,81461.4,81552.2,7.626814
2026-09-03 20:04:00+00:00,81552.2,81616.1,81552.2,81611.0,4.304707
2026-09-03 20:05:00+00:00,81611.0,81643.2,81585.9,81585.9,3.457668
2026-09-03 20:06:00+00:00,81585.9,81585.9,81545.7,81545.7,4.118213
2026-09-03 20:07:00+00:00,81545.7,81573.9,81528.3,81573.9,4.104824
2026-09-03 20:08:00+00:00,81573.9,81709.0,81573.9,81673.3,4.704696
2026-09-03 20:09:00+00:00,81673.3,81725.4,81636.5,81652.7,2.71136
2026-09-03 20:10:00+00:00,81652.7,81652.8,81595.6,81613.8,3.08257
2026-09-03 20:11:00+00:00,81613.8,81613.9,81539.0,81562.1,2.303651
2026-09-03 20:12:00+00:00,81562.1,81562.1,81476.1,81493.6,8.379359
2026-09-03 20:13:00+00:00,81493.6,81525.3,81491.8,81525.2,2.439028
2026-09-03 20:14:00+00:00,81525.2,81525.9,81412.1,81414.1,5.437177
2026-09-03 20:15:00+00:00,81414.1,81460.1,81414.1,81423.5,3.751113
2026-09-03 20:16:00+00:00,81423.5,81435.4,81400.2,81435.4,4.023989
2026-09-03 20:17:00+00:00,81435.4,81542.9,81435.4,81542.9,4.815936
2026-09-03 20:18:00+00:00,81542.9,81545.3,81430.3,81430.3,8.356097
2026-09-03 20:19:00+00:00,81430.3,81467.9,81429.6,81467.9,4.302876
2026-09-03 20:20:00+00:00,81467.9,81493.7,81451.3,81451.4,2.028903
2026-09-03 20:21:00+00:00,81451.4,81451.4,81398.9,81402.7,2.978437
2026-09-03 20:22:00+00:00,81402.7,81429.6,81392.9,81395.5,3.050428
2026-09-03 20:23:00+00:00,81395.5,81409.0,81388.0,81402.5,1.632802
2026-09-03 20:24:00+00:00,81402.5,81425.7,81402.5,81422.3,1.130904
2026-09-03 20:25:00+00:00,81422.3,81426.7,81390.9,81416.6,2.147888
2026-09-03 20:26:00+00:00,81416.6,81508.7,81416.6,81508.7,2.61515
2026-09-03 20:27:00+00:00,81508.7,81518.8,81482.4,81504.1,3.20344
2026-09-03 20:28:00+00:00,81504.1,81589.6,81501.5,81589.6,2.896291
2026-09-03 20:29:00+00:00,81589.6,81599.9,81537.3,81537.3,2.575995
2026-09-03 20:30:00+00:00,81537.3,81583.6,81516.5,81554.8,3.963061
2026-09-03 20:31:00+00:00,81554.8,81562.7,81487.4,81497.9,2.297767
2026-09-03 20:32:00+00:00,81497.9,81535.5,81494.7,81497.0,2.582569
2026-09-03 20:33:00+00:00,81497.0,81497.1,81485.8,81485.8,1.472124
2026-09-03 20:34:00+00:00,81485.8,81494.8,81457.1,81466.8,3.939304
2026-09-03 20:35:00+00:00,81466.8,81519.4,81466.8,81482.8,3.988402
2026-09-03 20:36:00+00:00,81482.8,81495.0,81442.3,81442.3,1.601851
2026-09-03 20:37:00+00:00,81442.3,81492.5,81408.7,81492.4,6.017644
2026-09-03 20:38:00+00:00,81492.4,81600.0,81481.7,81599.9,4.684016
2026-09-03 20:39:00+00:00,81599.9,81643.6,81577.9,81577.9,4.339328
2026-09-03 20:40:00+00:00,81577.9,81577.9,81537.2,81565.5,1.96984
2026-09-03 20:41:00+00:00,81565.5,81565.5,81515.9,81523.6,1.361805
2026-09-03 20:42:00+00:00,81523.6,81526.4,81485.1,81485.1,2.959433
2026-09-03 20:43:00+00:00,81485.1,81505.2,81472.2,81490.4,1.885797
2026-09-03 20:44:00+00:00,81490.4,81503.6,81469.6,81473.9,3.19357
2026-09-03 20:45:00+00:00,81473.9,81480.6,81432.6,81456.5,6.334802
2026-09-03 20:46:00+00:00,81456.5,81469.4,81445.9,81445.9,2.629382
2026-09-03 20:47:00+00:00,81445.9,81524.3,81429.7,81506.1,4.60777
2026-09-03 20:48:00+00:00,81506.1,81566.2,81504.8,81554.4,5.797988
2026-09-03 20:49:00+00:00,81554.4,81572.0,81536.0,81536.0,2.510106
2026-09-03 20:50:00+00:00,81536.0,81582.6,81536.0,81574.6,1.398075
2026-09-03 20:51:00+00:00,81574.6,81574.6,81540.7,81552.7,3.023361
2026-09-03 20:52:00+00:00,81552.7,81552.7,81502.0,81502.0,2.081929
2026-09-03 20:53:00+00:00,81502.0,81502.0,81440.9,81472.8,2.20932
2026-09-03 20:54:00+00:00,81472.8,81472.8,81437.4,81454.0,2.153566
2026-09-03 20:55:00+00:00,81454.0,81469.5,81446.1,81447.5,2.055279
2026-09-03 20:56:00+00:00,81447.5,81503.8,81429.3,81497.5,3.251307
2026-09-03 20:57:00+00:00,81497.5,81497.5,81433.1,81437.0,3.577461
2026-09-03 20:58:00+00:00,81437.0,81439.8,81416.1,81435.5,4.229511
2026-09-03 20:59:00+00:00,81435.5,81476.3,81435.5,81464.3,3.10601
2026-09-03 21:00:00+00:00,81464.3,81477.8,81454.0,81458.7,2.772938
2026-09-03 21:01:00+00:00,81458.7,81458.7,81424.4,81456.8,1.691522
2026-09-03 21:02:00+00:00,81456.8,81490.1,81442.9,81442.9,3.634786
2026-09-03 21:03:00+00:00,81442.9,81442.9,81383.6,81386.7,3.769468
2026-09-03 21:04:00+00:00,81386.7,81390.0,81351.1,81381.8,4.764699
2026-09-03 21:05:00+00:00,81381.8,81382.5,81362.4,81365.9,2.691703
2026-09-03 21:06:00+00:00,81365.9,81366.0,81307.3,81307.4,1.327188
2026-09-03 21:07:00+00:00,81307.4,81391.1,81291.2,81365.7,6.600143
2026-09-03 21:08:00+00:00,81365.7,81366.9,81313.5,81323.8,2.811315
2026-09-03 21:09:00+00:00,81323.8,81405.6,81321.9,81392.7,8.634977
2026-09-03 21:10:00+00:00,81392.7,81516.5,81392.7,81514.6,13.476453
2026-09-03 21:11:00+00:00,81514.6,81514.6,81447.3,81481.5,2.574099
2026-09-03 21:12:00+00:00,81481.5,81560.4,81481.5,81542.0,4.982133
2026-09-03 21:13:00+00:00,81542.0,81626.7,81542.0,81595.8,12.341891
2026-09-03 21:14:00+00:00,81595.8,81632.3,81572.3,81598.7,2.775011
2026-09-03 21:15:00+00:00,81598.7,81609.8,81545.5,81545.5,1.976637
2026-09-03 21:16:00+00:00,81545.5,81588.4,81512.1,81555.9,4.366866
2026-09-03 21:17:00+00:00,81555.9,81674.6,81552.4,81639.5,12.428956
2026-09-03 21:18:00+00:00,81639.5,81639.5,81562.6,81564.1,3.900301
2026-09-03 21:19:00+00:00,81564.1,81576.5,81547.8,81576.4,2.418846
2026-09-03 21:20:00+00:00,81576.4,81628.6,81564.0,81610.8,2.224844
2026-09-03 21:21:00+00:00,81610.8,81639.8,81577.9,81597.4,3.690034
2026-09-03 21:22:00+00:00,81597.4,81627.4,81561.8,81561.8,2.460719
2026-09-03 21:23:00+00:00,81561.8,81564.6,81512.4,81512.4,2.191893
2026-09-03 21:24:00+00:00,81512.4,81546.6,81512.3,81540.0,1.445479
2026-09-03 21:25:00+00:00,81540.0,81563.8,81518.9,81540.1,6.692086
2026-09-03 21:26:00+00:00,81540.1,81599.5,81537.7,81599.5,1.177586
2026-09-03 21:27:00+00:00,81599.5,81606.5,81559.6,81576.4,3.90995
2026-09-03 21:28:00+00:00,81576.4,81632.0,81572.9,81618.4,4.580162
2026-09-03 21:29:00+00:00,81618.4,81790.0,81618.4,81762.3,10.451026
2026-09-03 21:30:00+00:00,81762.3,81963.0,81762.3,81955.6,26.65142
2026-09-03 21:31:00+00:00,81955.6,81989.9,81875.3,81966.1,10.907946
2026-09-03 21:32:00+00:00,81966.1,82018.0,81917.0,81967.5,27.751074
2026-09-03 21:33:00+00:00,81967.5,82027.1,81952.0,82004.3,5.087761
2026-09-03 21:34:00+00:00,82004.3,82280.1,81984.0,82072.9,43.1062
2026-09-03 21:35:00+00:00,82072.9,82074.1,81827.5,81919.5,17.255794
2026-09-03 21:36:00+00:00,81919.5,81919.5,81756.9,81847.7,5.239905
2026-09-03 21:37:00+00:00,81847.7,81909.0,81801.2,81801.2,5.435281
2026-09-03 21:38:00+00:00,81801.2,81811.8,81678.0,81682.1,8.420541
2026-09-03 21:39:00+00:00,81682.1,81735.0,81638.4,81665.8,6.397074
2026-09-03 21:40:00+00:00,81665.8,81687.4,81604.6,81674.7,6.556933
2026-09-03 21:41:00+00:00,81674.7,81674.7,81564.4,81636.8,5.361105
2026-09-03 21:42:00+00:00,81636.8,81661.9,81616.7,81625.1,2.141352
2026-09-03 21:43:00+00:00,81625.1,81625.2,81521.5,81531.9,15.274773
2026-09-03 21:44:00+00:00,81531.9,81552.1,81519.7,81523.1,3.51971
2026-09-03 21:45:00+00:00,81523.1,81542.8,81464.3,81482.7,8.022597
2026-09-03 21:46:00+00:00,81482.7,81482.7,81420.6,81424.6,9.217146
2026-09-03 21:47:00+00:00,81424.6,81469.3,81424.6,81454.7,4.269344
2026-09-03 21:48:00+00:00,81454.7,81517.9,81454.7,81517.9,3.054716
2026-09-03 21:49:00+00:00,81517.9,81675.6,81517.9,81675.6,5.480918
2026-09-03 21:50:00+00:00,81675.6,81678.5,81620.1,81625.7,3.61117
2026-09-03 21:51:00+00:00,81625.7,81659.8,81617.5,81633.8,2.533905
2026-09-03 21:52:00+00:00,81633.8,81677.6,81633.8,81677.5,1.16801
2026-09-03 21:53:00+00:00,81677.5,81712.9,81677.5,81684.9,2.126868
2026-09-03 21:54:00+00:00,81684.9,81750.8,81684.8,81734.4,2.883993
2026-09-03 21:55:00+00:00,81734.4,81734.4,81640.2,81640.5,3.452963
2026-09-03 21:56:00+00:00,81640.5,81643.2,81612.9,81612.9,2.109804
2026-09-03 21:57:00+00:00,81612.9,81624.2,81578.1,81618.7,2.30053
2026-09-03 21:58:00+00:00,81618.7,81642.5,81608.3,81618.2,1.447155
2026-09-03 21:59:00+00:00,81618.2,81618.2,81584.4,81584.4,4.527027
2026-09-03 22:00:00+00:00,81584.4,81605.0,81479.4,81479.5,4.393998
2026-09-03 22:01:00+00:00,81479.5,81479.5,81387.4,81446.6,4.14951
2026-09-03 22:02:00+00:00,81446.6,81505.9,81406.2,81489.5,2.985599
2026-09-03 22:03:00+00:00,81489.5,81508.5,81425.6,81508.1,5.779248
2026-09-03 22:04:00+00:00,81508.1,81559.4,81488.5,81552.5,6.078754
2026-09-03 22:05:00+00:00,81552.5,81594.3,81520.9,81521.0,2.579015
2026-09-03 22:06:00+00:00,81521.0,81535.5,81478.4,81478.4,2.530755
2026-09-03 22:07:00+00:00,81478.4,81487.5,81431.4,81474.9,2.567978
2026-09-03 22:08:00+00:00,81474.9,81494.3,81433.4,81466.3,2.31522
2026-09-03 22:09:00+00:00,81466.3,81470.6,81418.4,81438.5,2.905361
2026-09-03 22:10:00+00:00,81438.5,81438.5,81412.5,81412.5,2.372954
2026-09-03 22:11:00+00:00,81412.5,81412.5,81374.9,81391.4,4.678978
2026-09-03 22:12:00+00:00,81391.4,81398.2,81336.6,81336.7,6.933319
2026-09-03 22:13:00+00:00,81336.7,81383.3,81274.2,81383.3,17.911357
2026-09-03 22:14:00+00:00,81383.3,81394.4,81373.5,81379.0,5.423455
2026-09-03 22:15:00+00:00,81379.0,81405.6,81356.6,81356.6,2.890679
2026-09-03 22:16:00+00:00,81356.6,81401.8,81332.2,81385.6,4.164246
2026-09-03 22:17:00+00:00,81385.6,81399.9,81385.5,81387.2,0.745065
2026-09-03 22:18:00+00:00,81387.2,81390.2,81349.6,81360.6,1.650193
2026-09-03 22:19:00+00:00,81360.6,81365.9,81292.8,81293.0,3.097093
2026-09-03 22:20:00+00:00,81293.0,81344.0,81283.9,81284.2,5.75355
2026-09-03 22:21:00+00:00,81284.2,81296.3,81250.1,81254.4,2.088895
2026-09-03 22:22:00+00:00,81254.4,81373.7,81254.4,81356.5,15.999713
2026-09-03 22:23:00+00:00,81356.5,81356.6,81287.8,81292.3,2.495998
2026-09-03 22:24:00+00:00,81292.3,81320.0,81277.0,81277.0,2.328463
2026-09-03 22:25:00+00:00,81277.0,81288.6,81213.1,81278.5,5.711997
2026-09-03 22:26:00+00:00,81278.5,81278.5,81211.1,81213.2,6.950208
2026-09-03 22:27:00+00:00,81213.2,81213.2,81127.4,81135.0,10.627424
2026-09-03 22:28:00+00:00,81135.0,81184.2,81135.0,81172.6,10.706948
2026-09-03 22:29:00+00:00,81172.6,81172.6,81106.5,81123.4,5.548955
2026-09-03 22:30:00+00:00,81123.4,81123.4,81104.8,81107.0,2.715789
2026-09-03 22:31:00+00:00,81107.0,81191.1,81091.6,81091.6,8.793296
2026-09-03 22:32:00+00:00,81091.6,81091.6,81002.0,81016.1,6.251982
2026-09-03 22:33:00+00:00,81016.1,81046.1,80900.1,80900.1,21.112212
2026-09-03 22:34:00+00:00,80900.1,81051.7,80900.1,81036.7,12.098899
2026-09-03 22:35:00+00:00,81036.7,81044.8,81007.9,81020.3,4.196099
2026-09-03 22:36:00+00:00,81020.3,81146.6,81013.7,81146.6,7.275003
2026-09-03 22:37:00+00:00,81146.6,81198.8,81143.5,81165.1,8.118044
2026-09-03 22:38:00+00:00,81165.1,81165.1,81102.5,81102.5,6.791841
2026-09-03 22:39:00+00:00,81102.5,81140.9,81067.0,81116.1,3.04989
2026-09-03 22:40:00+00:00,81116.1,81222.8,81116.1,81222.8,4.905823
2026-09-03 22:41:00+00:00,81222.8,81242.0,81203.6,81232.4,4.842084
2026-09-03 22:42:00+00:00,81232.4,81243.3,81184.7,81207.7,2.442404
2026-09-03 22:43:00+00:00,81207.7,81209.8,81179.7,81200.6,1.700548
2026-09-03 22:44:00+00:00,81200.6,81200.6,81162.5,81196.7,3.310808
2026-09-03 22:45:00+00:00,81196.7,81260.8,81196.7,81248.0,2.543164
2026-09-03 22:46:00+00:00,81248.0,81266.3,81223.2,81258.3,2.972944
2026-09-03 22:47:00+00:00,81258.3,81281.0,81205.2,81215.4,3.392696
2026-09-03 22:48:00+00:00,81215.4,81215.4,81165.8,81165.8,2.846236
2026-09-03 22:49:00+00:00,81165.8,81188.5,81157.8,81162.7,2.831365
2026-09-03 22:50:00+00:00,81162.7,81162.7,81099.0,81104.8,5.384104
2026-09-03 22:51:00+00:00,81104.8,81130.3,81069.4,81089.7,2.750389
2026-09-03 22:52:00+00:00,81089.7,81110.4,81056.6,81099.6,7.83581
2026-09-03 22:53:00+00:00,81099.6,81212.3,81094.1,81187.1,10.022672
2026-09-03 22:54:00+00:00,81187.1,81187.1,81134.2,81134.3,2.663856
2026-09-03 22:55:00+00:00,81134.3,81146.8,81105.3,81132.9,3.515103
2026-09-03 22:56:00+00:00,81132.9,81172.0,81117.7,81159.8,8.409651
2026-09-03 22:57:00+00:00,81159.8,81198.3,81144.4,81171.1,4.73591
2026-09-03 22:58:00+00:00,81171.1,81195.7,81129.1,81129.1,2.043575
2026-09-03 22:59:00+00:00,81129.1,81143.9,81105.9,81143.8,2.382746
2026-09-03 23:00:00+00:00,81143.8,81162.8,81111.4,81153.9,3.905221
2026-09-03 23:01:00+00:00,81153.9,81185.5,81114.8,81114.8,3.740898
2026-09-03 23:02:00+00:00,81114.8,81147.7,81109.9,81142.6,2.231197
2026-09-03 23:03:00+00:00,81142.6,81162.9,81132.1,81145.3,1.943599
2026-09-03 23:04:00+00:00,81145.3,81188.3,81145.2,81188.3,1.069765
2026-09-03 23:05:00+00:00,81188.3,81210.8,81188.2,81210.0,2.430609
2026-09-03 23:06:00+00:00,81210.0,81222.7,81194.0,81194.6,3.947124
2026-09-03 23:07:00+00:00,81194.6,81209.0,81177.5,81204.3,4.526488
2026-09-03 23:08:00+00:00,81204.3,81204.4,81178.9,81202.0,2.621456
2026-09-03 23:09:00+00:00,81202.0,81205.0,81182.9,81182.9,0.91184
2026-09-03 23:10:00+00:00,81182.9,81205.3,81155.3,81158.1,3.230549
2026-09-03 23:11:00+00:00,81158.1,81158.1,81081.7,81095.0,4.671522
2026-09-03 23:12:00+00:00,81095.0,81126.6,81087.3,81110.9,6.118049
2026-09-03 23:13:00+00:00,81110.9,81157.5,81108.3,81108.3,10.446425
2026-09-03 23:14:00+00:00,81108.3,81212.2,81090.9,81176.2,11.574124
2026-09-03 23:15:00+00:00,81176.2,81182.5,81164.8,81182.5,1.013702
2026-09-03 23:16:00+00:00,81182.5,81224.5,81178.7,81212.0,5.306278
2026-09-03 23:17:00+00:00,81212.0,81249.0,81172.0,81249.0,6.049748
2026-09-03 23:18:00+00:00,81249.0,81271.8,81249.0,81261.2,1.277273
2026-09-03 23:19:00+00:00,81261.2,81266.7,81222.4,81225.4,1.931733
2026-09-03 23:20:00+00:00,81225.4,81236.5,81215.3,81229.4,2.972969
2026-09-03 23:21:00+00:00,81229.4,81232.7,81201.3,81201.3,2.861156
2026-09-03 23:22:00+00:00,81201.3,81223.4,81186.4,81196.8,4.99116
2026-09-03 23:23:00+00:00,81196.8,81228.8,81187.5,81198.1,4.400137
2026-09-03 23:24:00+00:00,81198.1,81198.4,81183.9,81183.9,1.508094
2026-09-03 23:25:00+00:00,81183.9,81184.3,81157.2,81181.4,1.875788
2026-09-03 23:26:00+00:00,81181.4,81212.3,81181.4,81212.3,2.30424
2026-09-03 23:27:00+00:00,81212.3,81215.0,81202.2,81214.9,0.838403
2026-09-03 23:28:00+00:00,81214.9,81220.7,81205.4,81213.8,1.723586
2026-09-03 23:29:00+00:00,81213.8,81290.0,81213.8,81289.9,3.695802
2026-09-03 23:30:00+00:00,81289.9,81302.3,81194.9,81194.9,6.226581
2026-09-03 23:31:00+00:00,81194.9,81195.0,81144.2,81146.8,2.346184
2026-09-03 23:32:00+00:00,81146.8,81185.1,81129.3,81158.5,4.351
2026-09-03 23:33:00+00:00,81158.5,81191.1,81152.7,81191.1,1.940891
2026-09-03 23:34:00+00:00,81191.1,81199.7,81173.3,81193.6,1.986762
2026-09-03 23:35:00+00:00,81193.6,81216.0,81164.0,81190.3,5.908744
2026-09-03 23:36:00+00:00,81190.3,81273.9,81190.3,81273.9,1.419914
2026-09-03 23:37:00+00:00,81273.9,81326.0,81256.4,81326.0,4.718315
2026-09-03 23:38:00+00:00,81326.0,81326.7,81303.3,81317.9,1.917618
2026-09-03 23:39:00+00:00,81317.9,81326.3,81317.4,81321.1,1.162198
2026-09-03 23:40:00+00:00,81321.1,81342.6,81295.2,81295.2,2.654312
2026-09-03 23:41:00+00:00,81295.2,81323.2,81283.3,81323.0,1.161887
2026-09-03 23:42:00+00:00,81323.0,81328.1,81308.0,81308.0,1.190513
2026-09-03 23:43:00+00:00,81308.0,81308.0,81195.1,81235.7,17.031292
2026-09-03 23:44:00+00:00,81235.7,81263.4,81232.5,81233.0,3.910079
2026-09-03 23:45:00+00:00,81233.0,81258.3,81227.2,81258.3,4.517517
2026-09-03 23:46:00+00:00,81258.3,81258.4,81206.6,81215.3,2.870518
2026-09-03 23:47:00+00:00,81215.3,81215.3,81181.5,81188.1,2.121857
2026-09-03 23:48:00+00:00,81188.1,81235.5,81188.1,81235.5,1.583423
2026-09-03 23:49:00+00:00,81235.5,81236.4,81228.2,81228.3,0.18833
2026-09-03 23:50:00+00:00,81228.3,81266.3,81228.3,81232.7,4.543374
2026-09-03 23:51:00+00:00,81232.7,81326.5,81232.7,81326.5,2.935511
2026-09-03 23:52:00+00:00,81326.5,81332.1,81276.4,81309.3,4.112981
2026-09-03 23:53:00+00:00,81309.3,81321.1,81282.6,81286.3,3.003916
2026-09-03 23:54:00+00:00,81286.3,81302.2,81269.8,81290.5,3.471356
2026-09-03 23:55:00+00:00,81290.5,81290.5,81249.4,81250.7,1.241148
2026-09-03 23:56:00+00:00,81250.7,81286.8,81237.5,81286.7,5.009127
2026-09-03 23:57:00+00:00,81286.7,81286.7,81269.0,81269.1,0.890338
2026-09-03 23:58:00+00:00,81269.1,81269.1,81269.0,81269.1,0.128635
2026-09-03 23:59:00+00:00,81269.1,81269.1,81264.2,81264.6,0.159909
2026-09-04 00:00:00+00:00,81264.6,81265.2,81212.9,81219.3,2.682326
2026-09-04 00:01:00+00:00,81219.3,81254.6,81219.2,81244.7,5.155938
2026-09-04 00:02:00+00:00,81244.7,81244.7,81185.9,81185.9,8.131596
2026-09-04 00:03:00+00:00,81185.9,81185.9,81139.1,81139.1,2.31797
2026-09-04 00:04:00+00:00,81139.1,81164.8,81102.5,81164.8,11.251238
2026-09-04 00:05:00+00:00,81164.8,81182.7,81143.0,81166.4,12.237278
2026-09-04 00:06:00+00:00,81166.4,81203.8,81147.2,81147.2,14.502221
2026-09-04 00:07:00+00:00,81147.2,81147.2,81090.6,81095.2,7.463014
2026-09-04 00:08:00+00:00,81095.2,81098.0,81083.1,81092.7,4.034551
2026-09-04 00:09:00+00:00,81092.7,81228.4,81091.4,81219.4,18.31357
2026-09-04 00:10:00+00:00,81219.4,81225.7,81187.9,81187.9,3.961412
2026-09-04 00:11:00+00:00,81187.9,81222.0,81187.9,81215.6,1.260344
2026-09-04 00:12:00+00:00,81215.6,81253.0,81196.3,81204.6,11.924627
2026-09-04 00:13:00+00:00,81204.6,81206.9,81157.6,81206.5,10.830253
2026-09-04 00:14:00+00:00,81206.5,81247.4,81206.5,81247.4,3.211122
2026-09-04 00:15:00+00:00,81247.4,81319.2,81247.3,81319.2,4.334882
2026-09-04 00:16:00+00:00,81319.2,81347.8,81278.3,81299.2,10.539256
2026-09-04 00:17:00+00:00,81299.2,81346.0,81299.2,81308.5,10.28153
2026-09-04 00:18:00+00:00,81308.5,81308.5,81223.0,81229.1,12.595334
2026-09-04 00:19:00+00:00,81229.1,81229.1,81150.0,81192.6,10.712322
2026-09-04 00:20:00+00:00,81192.6,81221.1,81161.5,81221.1,4.453088
2026-09-04 00:21:00+00:00,81221.1,81221.1,81198.5,81219.8,5.341401
2026-09-04 00:22:00+00:00,81219.8,81259.8,81219.8,81247.0,5.875212
2026-09-04 00:23:00+00:00,81247.0,81289.3,81247.0,81289.3,5.371291
2026-09-04 00:24:00+00:00,81289.3,81305.9,81255.7,81255.7,9.333014
2026-09-04 00:25:00+00:00,81255.7,81255.7,81175.4,81175.4,5.353265
2026-09-04 00:26:00+00:00,81175.4,81184.8,81144.3,81155.7,3.548252
2026-09-04 00:27:00+00:00,81155.7,81171.3,81144.2,81144.2,5.801725
2026-09-04 00:28:00+00:00,81144.2,81180.1,81144.0,81172.9,4.452862
2026-09-04 00:29:00+00:00,81172.9,81176.5,81146.9,81146.9,4.201197
2026-09-04 00:30:00+00:00,81146.9,81157.3,81139.8,81157.3,5.07035
2026-09-04 00:31:00+00:00,81157.3,81287.6,81157.3,81287.6,18.721196
2026-09-04 00:32:00+00:00,81287.6,81289.3,81250.8,81284.8,6.957808
2026-09-04 00:33:00+00:00,81284.8,81299.8,81266.9,81299.8,1.171104
2026-09-04 00:34:00+00:00,81299.8,81301.8,81288.2,81301.7,2.139735
2026-09-04 00:35:00+00:00,81301.7,81318.6,81296.3,81313.4,3.796543
2026-09-04 00:36:00+00:00,81313.4,81338.2,81313.4,81318.0,4.964639
2026-09-04 00:37:00+00:00,81318.0,81358.0,81318.0,81350.7,5.195271
2026-09-04 00:38:00+00:00,81350.7,81385.6,81350.7,81377.8,8.46033
2026-09-04 00:39:00+00:00,81377.8,81389.7,81357.5,81389.7,8.146872
2026-09-04 00:40:00+00:00,81389.7,81415.0,81389.7,81415.0,2.794513
2026-09-04 00:41:00+00:00,81415.0,81433.2,81415.0,81422.1,5.019394
2026-09-04 00:42:00+00:00,81422.1,81422.1,81318.8,81318.8,11.393395
2026-09-04 00:43:00+00:00,81318.8,81381.7,81117.7,81117.7,39.75525
2026-09-04 00:44:00+00:00,81117.7,81227.9,81117.7,81227.9,9.338422
2026-09-04 00:45:00+00:00,81227.9,81238.1,81204.5,81238.1,4.683938
2026-09-04 00:46:00+00:00,81238.1,81238.1,81211.2,81234.9,6.102212
2026-09-04 00:47:00+00:00,81234.9,81235.8,81154.5,81154.5,9.79798
2026-09-04 00:48:00+00:00,81154.5,81154.5,81093.6,81101.9,12.821745
2026-09-04 00:49:00+00:00,81101.9,81152.4,81101.9,81134.3,2.117162
2026-09-04 00:50:00+00:00,81134.3,81134.3,81028.8,81029.0,25.113904
2026-09-04 00:51:00+00:00,81029.0,81071.1,81009.6,81052.8,11.691391
2026-09-04 00:52:00+00:00,81052.8,81136.0,81046.8,81125.4,8.052364
2026-09-04 00:53:00+00:00,81125.4,81133.8,81017.8,81048.9,7.541872
2026-09-04 00:54:00+00:00,81048.9,81050.9,80983.3,81031.6,5.962401
2026-09-04 00:55:00+00:00,81031.6,81045.5,81007.9,81045.5,2.69378
2026-09-04 00:56:00+00:00,81045.5,81047.9,80986.0,80989.7,3.587103
2026-09-04 00:57:00+00:00,80989.7,80989.7,80962.9,80962.9,2.539087
2026-09-04 00:58:00+00:00,80962.9,80982.0,80959.3,80971.0,2.46543
2026-09-04 00:59:00+00:00,80971.0,80972.6,80956.8,80967.0,1.583152
2026-09-04 01:00:00+00:00,80967.0,81079.3,80967.0,81012.6,9.097227
2026-09-04 01:01:00+00:00,81012.6,81031.8,80983.9,81021.1,1.809201
2026-09-04 01:02:00+00:00,81021.1,81044.4,81007.9,81021.0,4.028454
2026-09-04 01:03:00+00:00,81021.0,81021.0,80960.2,80986.9,2.25057
2026-09-04 01:04:00+00:00,80986.9,81004.5,80933.1,80933.2,3.903941
2026-09-04 01:05:00+00:00,80933.2,80995.1,80910.0,80995.1,4.88928
2026-09-04 01:06:00+00:00,80995.1,81079.5,80995.1,81067.4,2.914184
2026-09-04 01:07:00+00:00,81067.4,81099.9,81045.3,81048.5,2.045778
2026-09-04 01:08:00+00:00,81048.5,81087.2,81043.0,81046.6,2.339688
2026-09-04 01:09:00+00:00,81046.6,81064.5,81020.8,81035.6,5.132597
2026-09-04 01:10:00+00:00,81035.6,81042.4,81030.8,81038.6,0.932999
2026-09-04 01:11:00+00:00,81038.6,81079.3,81032.5,81039.4,2.050261
2026-09-04 01:12:00+00:00,81039.4,81039.4,81016.9,81032.9,1.541161
2026-09-04 01:13:00+00:00,81032.9,81035.7,80979.3,80979.3,1.814401
2026-09-04 01:14:00+00:00,80979.3,80979.3,80922.2,80942.3,8.210339
2026-09-04 01:15:00+00:00,80942.3,80983.0,80932.8,80981.1,2.192925
2026-09-04 01:16:00+00:00,80981.1,81024.6,80973.9,80973.9,4.16974
2026-09-04 01:17:00+00:00,80973.9,81000.7,80951.7,80961.6,2.535
2026-09-04 01:18:00+00:00,80961.6,80962.2,80939.8,80948.1,5.308787
2026-09-04 01:19:00+00:00,80948.1,80949.1,80908.9,80914.3,2.956431
2026-09-04 01:20:00+00:00,80914.3,80953.4,80904.6,80946.6,5.337303
2026-09-04 01:21:00+00:00,80946.6,80988.9,80946.6,80962.9,2.696323
2026-09-04 01:22:00+00:00,80962.9,80962.9,80911.0,80916.8,3.042875
2026-09-04 01:23:00+00:00,80916.8,80918.1,80861.2,80861.2,5.669749
2026-09-04 01:24:00+00:00,80861.2,80861.3,80777.8,80791.6,7.956113
2026-09-04 01:25:00+00:00,80791.6,80814.1,80783.7,80793.6,7.455397
2026-09-04 01:26:00+00:00,80793.6,80825.8,80792.6,80823.0,2.661866
2026-09-04 01:27:00+00:00,80823.0,80866.8,80783.8,80866.8,5.995295
2026-09-04 01:28:00+00:00,80866.8,80905.1,80855.5,80886.2,2.886995
2026-09-04 01:29:00+00:00,80886.2,80886.2,80820.4,80831.8,3.20275
2026-09-04 01:30:00+00:00,80831.8,80897.0,80809.0,80890.0,4.611273
2026-09-04 01:31:00+00:00,80890.0,80933.9,80866.2,80874.8,4.233656
2026-09-04 01:32:00+00:00,80874.8,80874.8,80850.4,80859.5,2.302281
2026-09-04 01:33:00+00:00,80859.5,80859.5,80835.4,80837.9,2.196988
2026-09-04 01:34:00+00:00,80837.9,80837.9,80793.0,80805.7,2.430258
2026-09-04 01:35:00+00:00,80805.7,80833.2,80793.3,80830.5,2.470828
2026-09-04 01:36:00+00:00,80830.5,80884.5,80824.6,80884.5,2.327886
2026-09-04 01:37:00+00:00,80884.5,80913.3,80860.4,80870.7,3.867422
2026-09-04 01:38:00+00:00,80870.7,80872.4,80836.0,80871.1,11.690032
2026-09-04 01:39:00+00:00,80871.1,80871.1,80833.4,80833.5,3.245773
2026-09-04 01:40:00+00:00,80833.5,80838.1,80766.8,80780.1,5.194888
2026-09-04 01:41:00+00:00,80780.1,80819.7,80780.1,80812.2,1.839601
2026-09-04 01:42:00+00:00,80812.2,80813.5,80763.9,80772.5,5.330469
2026-09-04 01:43:00+00:00,80772.5,80776.5,80766.7,80775.4,3.216847
2026-09-04 01:44:00+00:00,80775.4,80796.0,80775.3,80781.8,2.618917
2026-09-04 01:45:00+00:00,80781.8,80789.6,80776.3,80780.3,1.256571
2026-09-04 01:46:00+00:00,80780.3,80806.0,80780.3,80805.9,1.538943
2026-09-04 01:47:00+00:00,80805.9,80856.2,80805.9,80856.2,1.729583
2026-09-04 01:48:00+00:00,80856.2,80873.1,80847.5,80858.2,3.505041
2026-09-04 01:49:00+00:00,80858.2,80906.2,80857.3,80860.8,2.575246
2026-09-04 01:50:00+00:00,80860.8,80899.9,80860.6,80899.9,1.173574
2026-09-04 01:51:00+00:00,80899.9,80929.8,80883.1,80883.2,1.769643
2026-09-04 01:52:00+00:00,80883.2,80910.7,80883.2,80910.7,1.75657
2026-09-04 01:53:00+00:00,80910.7,80987.5,80910.7,80973.9,2.713601
2026-09-04 01:54:00+00:00,80973.9,80989.1,80971.5,80971.5,0.672341
2026-09-04 01:55:00+00:00,80971.5,80971.6,80944.9,80954.4,1.299656
2026-09-04 01:56:00+00:00,80954.4,80984.5,80954.4,80978.3,0.66475
2026-09-04 01:57:00+00:00,80978.3,81032.5,80978.2,80994.7,3.97269
2026-09-04 01:58:00+00:00,80994.7,80994.7,80994.6,80994.6,0.0386
2026-09-04 01:59:00+00:00,80994.6,80994.7,80970.7,80970.7,0.911213
2026-09-04 02:00:00+00:00,80970.7,80970.7,80937.8,80941.6,2.895349
2026-09-04 02:01:00+00:00,80941.6,80941.7,80880.9,80889.7,3.415233
2026-09-04 02:02:00+00:00,80889.7,80891.4,80867.5,80891.4,1.160304
2026-09-04 02:03:00+00:00,80891.4,80891.4,80860.0,80860.1,1.948882
2026-09-04 02:04:00+00:00,80860.1,80860.1,80818.3,80829.8,2.132335
2026-09-04 02:05:00+00:00,80829.8,80867.0,80826.8,80864.6,3.192243
2026-09-04 02:06:00+00:00,80864.6,80876.1,80834.8,80870.4,2.251269
2026-09-04 02:07:00+00:00,80870.4,80870.4,80820.9,80829.0,2.506536
2026-09-04 02:08:00+00:00,80829.0,80829.0,80780.0,80781.4,2.120146
2026-09-04 02:09:00+00:00,80781.4,80799.0,80777.0,80798.9,1.545853
2026-09-04 02:10:00+00:00,80798.9,80819.4,80798.8,80819.4,2.245757
2026-09-04 02:11:00+00:00,80819.4,80819.4,80781.4,80784.0,3.483919
2026-09-04 02:12:00+00:00,80784.0,80787.1,80777.4,80787.0,1.478824
2026-09-04 02:13:00+00:00,80787.0,80791.0,80782.3,80790.9,1.673322
2026-09-04 02:14:00+00:00,80790.9,80798.1,80782.6,80798.0,1.817555
2026-09-04 02:15:00+00:00,80798.0,80840.8,80798.0,80840.8,3.981412
2026-09-04 02:16:00+00:00,80840.8,80875.2,80816.7,80822.6,7.475149
2026-09-04 02:17:00+00:00,80822.6,80825.7,80810.8,80810.8,0.702157
2026-09-04 02:18:00+00:00,80810.8,80810.9,80756.1,80758.9,2.557677
2026-09-04 02:19:00+00:00,80758.9,80774.4,80744.1,80759.1,6.286698
2026-09-04 02:20:00+00:00,80759.1,80759.1,80714.5,80716.3,2.419132
2026-09-04 02:21:00+00:00,80716.3,80730.8,80700.7,80724.4,5.381803
2026-09-04 02:22:00+00:00,80724.4,80733.5,80714.8,80714.8,0.970967
2026-09-04 02:23:00+00:00,80714.8,80730.5,80714.8,80721.1,0.781884
2026-09-04 02:24:00+00:00,80721.1,80721.2,80688.4,80688.5,2.415817
2026-09-04 02:25:00+00:00,80688.5,80712.5,80688.4,80698.1,2.005857
2026-09-04 02:26:00+00:00,80698.1,80698.1,80687.9,80690.5,0.553332
2026-09-04 02:27:00+00:00,80690.5,80724.7,80690.5,80722.0,1.682994
2026-09-04 02:28:00+00:00,80722.0,80722.1,80685.7,80694.6,2.217669
2026-09-04 02:29:00+00:00,80694.6,80716.4,80688.0,80716.4,2.61853
2026-09-04 02:30:00+00:00,80716.4,80801.5,80716.4,80792.4,5.428898
2026-09-04 02:31:00+00:00,80792.4,80798.6,80763.7,80773.3,2.726494
2026-09-04 02:32:00+00:00,80773.3,80787.5,80770.5,80783.1,0.807355
2026-09-04 02:33:00+00:00,80783.1,80791.7,80777.3,80784.6,1.644169
2026-09-04 02:34:00+00:00,80784.6,80807.1,80762.3,80762.7,5.115895
2026-09-04 02:35:00+00:00,80762.7,80762.7,80711.5,80711.6,1.344442
2026-09-04 02:36:00+00:00,80711.6,80722.9,80682.0,80722.9,4.8398
2026-09-04 02:37:00+00:00,80722.9,80766.7,80722.9,80765.9,1.654185
2026-09-04 02:38:00+00:00,80765.9,80806.5,80757.8,80798.8,2.699687
2026-09-04 02:39:00+00:00,80798.8,80846.9,80798.8,80846.8,0.867208
2026-09-04 02:40:00+00:00,80846.8,80846.9,80808.5,80811.3,1.508516
2026-09-04 02:41:00+00:00,80811.3,80811.3,80804.0,80810.6,0.619107
2026-09-04 02:42:00+00:00,80810.6,80813.9,80795.1,80806.2,1.300717
2026-09-04 02:43:00+00:00,80806.2,80806.2,80787.4,80794.2,0.675179
2026-09-04 02:44:00+00:00,80794.2,80794.2,80738.5,80738.6,1.619198
2026-09-04 02:45:00+00:00,80738.6,80738.6,80695.3,80695.3,2.766909
2026-09-04 02:46:00+00:00,80695.3,80711.4,80684.7,80686.0,2.829415
2026-09-04 02:47:00+00:00,80686.0,80693.6,80684.2,80685.4,1.249639
2026-09-04 02:48:00+00:00,80685.4,80701.5,80678.8,80683.8,2.998202
2026-09-04 02:49:00+00:00,80683.8,80696.3,80666.8,80670.9,5.575795
2026-09-04 02:50:00+00:00,80670.9,80677.5,80670.8,80676.0,0.978137
2026-09-04 02:51:00+00:00,80676.0,80712.7,80676.0,80710.1,2.405223
2026-09-04 02:52:00+00:00,80710.1,80712.8,80698.3,80702.1,1.355404
2026-09-04 02:53:00+00:00,80702.1,80728.6,80689.3,80728.6,1.795595
2026-09-04 02:54:00+00:00,80728.6,80762.0,80728.5,80762.0,4.494532
2026-09-04 02:55:00+00:00,80762.0,80800.0,80762.0,80784.6,1.828731
2026-09-04 02:56:00+00:00,80784.6,80796.2,80763.1,80794.7,2.714056
2026-09-04 02:57:00+00:00,80794.7,80802.2,80782.4,80782.4,1.631407
2026-09-04 02:58:00+00:00,80782.4,80802.9,80771.0,80802.9,2.623474
2026-09-04 02:59:00+00:00,80802.9,80834.2,80802.9,80834.2,2.319648
2026-09-04 03:00:00+00:00,80834.2,80899.6,80834.1,80881.9,6.247946
2026-09-04 03:01:00+00:00,80881.9,80946.1,80881.8,80942.5,5.590823
2026-09-04 03:02:00+00:00,80942.5,80942.5,80894.8,80933.5,11.157849
2026-09-04 03:03:00+00:00,80933.5,80948.6,80882.7,80901.4,3.77421
2026-09-04 03:04:00+00:00,80901.4,80901.4,80883.7,80883.8,0.82575
2026-09-04 03:05:00+00:00,80883.8,80927.9,80880.8,80926.4,2.910764
2026-09-04 03:06:00+00:00,80926.4,81026.3,80926.4,80970.8,12.418652
2026-09-04 03:07:00+00:00,80970.8,80998.7,80970.8,80998.6,4.79826
2026-09-04 03:08:00+00:00,80998.6,80998.6,80936.9,80936.9,1.261287
2026-09-04 03:09:00+00:00,80936.9,80985.6,80936.7,80965.6,5.772666
2026-09-04 03:10:00+00:00,80965.6,80965.7,80949.0,80955.2,0.848936
2026-09-04 03:11:00+00:00,80955.2,80955.2,80908.4,80912.0,1.798483
2026-09-04 03:12:00+00:00,80912.0,80922.2,80883.6,80922.2,2.736832
2026-09-04 03:13:00+00:00,80922.2,80922.2,80895.2,80911.3,3.600485
2026-09-04 03:14:00+00:00,80911.3,80950.2,80910.4,80934.5,7.217318
2026-09-04 03:15:00+00:00,80934.5,80945.7,80931.4,80934.6,2.674964
2026-09-04 03:16:00+00:00,80934.6,80934.6,80903.1,80908.5,0.903316
2026-09-04 03:17:00+00:00,80908.5,80910.2,80893.9,80894.0,2.597274
2026-09-04 03:18:00+00:00,80894.0,80938.8,80893.9,80927.4,12.997115
2026-09-04 03:19:00+00:00,80927.4,80927.4,80907.6,80916.5,0.85523
2026-09-04 03:20:00+00:00,80916.5,80916.5,80916.4,80916.5,0.785349
2026-09-04 03:21:00+00:00,80916.5,80945.3,80916.4,80942.5,8.723286
2026-09-04 03:22:00+00:00,80942.5,80942.6,80922.9,80932.7,1.364049
2026-09-04 03:23:00+00:00,80932.7,80948.9,80901.4,80930.3,4.137495
2026-09-04 03:24:00+00:00,80930.3,80931.0,80912.6,80923.0,2.071951
2026-09-04 03:25:00+00:00,80923.0,80923.0,80833.8,80841.9,14.583418
2026-09-04 03:26:00+00:00,80841.9,80850.1,80831.7,80835.6,5.372463
2026-09-04 03:27:00+00:00,80835.6,80889.7,80835.6,80881.8,1.828605
2026-09-04 03:28:00+00:00,80881.8,80881.9,80845.9,80852.7,0.941087
2026-09-04 03:29:00+00:00,80852.7,80852.7,80836.5,80836.5,0.750811
2026-09-04 03:30:00+00:00,80836.5,80872.1,80829.6,80834.1,5.542476
2026-09-04 03:31:00+00:00,80834.1,80856.8,80834.1,80856.8,1.043343
2026-09-04 03:32:00+00:00,80856.8,80874.2,80819.2,80864.9,3.826403
2026-09-04 03:33:00+00:00,80864.9,80864.9,80819.2,80819.2,1.35614
2026-09-04 03:34:00+00:00,80819.2,80829.7,80819.2,80819.8,1.695681
2026-09-04 03:35:00+00:00,80819.8,80863.4,80803.4,80862.9,2.780043
2026-09-04 03:36:00+00:00,80862.9,80862.9,80802.1,80819.0,3.121372
2026-09-04 03:37:00+00:00,80819.0,80882.8,80819.0,80876.3,4.605998
2026-09-04 03:38:00+00:00,80876.3,80880.7,80864.8,80864.8,1.440407
2026-09-04 03:39:00+00:00,80864.8,80864.8,80833.2,80838.9,1.038779
2026-09-04 03:40:00+00:00,80838.9,80840.9,80813.3,80826.5,1.78854
2026-09-04 03:41:00+00:00,80826.5,80827.0,80815.1,80818.8,1.649158
2026-09-04 03:42:00+00:00,80818.8,80821.6,80813.7,80813.8,0.686649
2026-09-04 03:43:00+00:00,80813.8,80874.1,80813.8,80871.3,3.405228
2026-09-04 03:44:00+00:00,80871.3,80875.8,80863.3,80875.8,1.940187
2026-09-04 03:45:00+00:00,80875.8,80892.4,80864.4,80891.0,1.897875
2026-09-04 03:46:00+00:00,80891.0,80892.0,80853.9,80891.9,6.205758
2026-09-04 03:47:00+00:00,80891.9,80929.8,80891.9,80928.8,3.77288
2026-09-04 03:48:00+00:00,80928.8,80972.5,80928.8,80937.3,4.060742
2026-09-04 03:49:00+00:00,80937.3,80937.4,80917.0,80930.2,1.363015
2026-09-04 03:50:00+00:00,80930.2,80937.9,80930.2,80937.8,0.310551
2026-09-04 03:51:00+00:00,80937.8,80946.6,80929.8,80929.8,1.157127
2026-09-04 03:52:00+00:00,80929.8,80933.8,80922.6,80922.6,0.954946
2026-09-04 03:53:00+00:00,80922.6,80944.7,80898.8,80943.7,3.149096
2026-09-04 03:54:00+00:00,80943.7,80943.8,80928.4,80928.4,0.565692
2026-09-04 03:55:00+00:00,80928.4,80928.5,80886.9,80902.5,2.473964
2026-09-04 03:56:00+00:00,80902.5,80902.6,80881.1,80881.1,0.739253
2026-09-04 03:57:00+00:00,80881.1,80890.0,80881.1,80890.0,2.81232
2026-09-04 03:58:00+00:00,80890.0,80890.5,80888.7,80888.7,0.400049
2026-09-04 03:59:00+00:00,80888.7,80888.7,80838.2,80838.2,1.532552
2026-09-04 04:00:00+00:00,80838.2,80840.3,80831.2,80835.0,2.584321
2026-09-04 04:01:00+00:00,80835.0,80835.0,80815.1,80826.3,1.514711
2026-09-04 04:02:00+00:00,80826.3,80835.0,80806.4,80825.7,2.168331
2026-09-04 04:03:00+00:00,80825.7,80839.4,80814.3,80829.9,1.478752
2026-09-04 04:04:00+00:00,80829.9,80851.5,80829.9,80851.4,0.87536
2026-09-04 04:05:00+00:00,80851.4,80878.9,80851.4,80877.8,1.75199
2026-09-04 04:06:00+00:00,80877.8,80877.8,80867.7,80867.7,0.662962
2026-09-04 04:07:00+00:00,80867.7,80876.8,80867.6,80874.0,0.624048
2026-09-04 04:08:00+00:00,80874.0,80874.3,80847.9,80874.3,0.911195
2026-09-04 04:09:00+00:00,80874.3,80878.9,80856.5,80858.0,1.782445
2026-09-04 04:10:00+00:00,80858.0,80874.6,80858.0,80863.4,0.675196
2026-09-04 04:11:00+00:00,80863.4,80892.4,80847.8,80892.4,2.978202
2026-09-04 04:12:00+00:00,80892.4,80924.9,80892.4,80924.9,1.251285
2026-09-04 04:13:00+00:00,80924.9,80963.0,80924.9,80961.5,0.679334
2026-09-04 04:14:00+00:00,80961.5,80962.9,80960.2,80962.7,0.494868
2026-09-04 04:15:00+00:00,80962.7,80979.4,80950.7,80979.4,2.283457
2026-09-04 04:16:00+00:00,80979.4,81042.5,80979.4,81041.0,2.066555
2026-09-04 04:17:00+00:00,81041.0,81082.8,81015.6,81029.0,7.109436
2026-09-04 04:18:00+00:00,81029.0,81055.6,81025.0,81050.7,5.403621
2026-09-04 04:19:00+00:00,81050.7,81080.8,81050.7,81080.8,0.836009
2026-09-04 04:20:00+00:00,81080.8,81109.7,81080.8,81102.4,3.167678
2026-09-04 04:21:00+00:00,81102.4,81102.5,81086.9,81087.0,7.459896
2026-09-04 04:22:00+00:00,81087.0,81151.4,81086.9,81142.7,2.583449
2026-09-04 04:23:00+00:00,81142.7,81153.1,81129.0,81145.2,1.865485
2026-09-04 04:24:00+00:00,81145.2,81209.2,81143.3,81209.2,2.075669
2026-09-04 04:25:00+00:00,81209.2,81214.8,81150.7,81180.2,8.914376
2026-09-04 04:26:00+00:00,81180.2,81207.1,81176.3,81181.9,2.281501
2026-09-04 04:27:00+00:00,81181.9,81237.1,81181.9,81232.7,5.542333
2026-09-04 04:28:00+00:00,81232.7,81285.2,81232.6,81238.3,5.594555
2026-09-04 04:29:00+00:00,81238.3,81268.7,81234.9,81263.5,1.292392
2026-09-04 04:30:00+00:00,81263.5,81271.2,81227.2,81227.2,5.243701
2026-09-04 04:31:00+00:00,81227.2,81234.0,81183.7,81183.7,2.308615
2026-09-04 04:32:00+00:00,81183.7,81253.2,81167.7,81202.8,7.148228
2026-09-04 04:33:00+00:00,81202.8,81210.0,81163.0,81198.3,4.570453
2026-09-04 04:34:00+00:00,81198.3,81202.9,81177.2,81178.7,1.813349
2026-09-04 04:35:00+00:00,81178.7,81185.2,81172.0,81172.1,7.039515
2026-09-04 04:36:00+00:00,81172.1,81172.1,81152.0,81168.1,1.046361
2026-09-04 04:37:00+00:00,81168.1,81168.1,81148.6,81153.7,3.208626
2026-09-04 04:38:00+00:00,81153.7,81153.7,81069.1,81069.1,2.602235
2026-09-04 04:39:00+00:00,81069.1,81077.7,81034.3,81046.3,3.844076
2026-09-04 04:40:00+00:00,81046.3,81059.0,81023.6,81053.9,2.615366
2026-09-04 04:41:00+00:00,81053.9,81099.3,81052.0,81099.3,6.865811
2026-09-04 04:42:00+00:00,81099.3,81104.7,81073.2,81075.8,1.431881
2026-09-04 04:43:00+00:00,81075.8,81075.8,81021.3,81031.0,2.381686
2026-09-04 04:44:00+00:00,81031.0,81039.6,81031.0,81039.6,0.382227
2026-09-04 04:45:00+00:00,81039.6,81054.8,81025.1,81054.8,3.054128
2026-09-04 04:46:00+00:00,81054.8,81100.5,81054.8,81100.4,1.062135
2026-09-04 04:47:00+00:00,81100.4,81118.7,81076.1,81076.2,1.561948
2026-09-04 04:48:00+00:00,81076.2,81076.2,81056.0,81056.1,1.46455
2026-09-04 04:49:00+00:00,81056.1,81056.1,81042.0,81042.0,1.179561
2026-09-04 04:50:00+00:00,81042.0,81046.8,81032.3,81032.3,1.403123
2026-09-04 04:51:00+00:00,81032.3,81037.5,81032.3,81037.3,1.090021
2026-09-04 04:52:00+00:00,81037.3,81089.7,81037.3,81089.7,2.137014
2026-09-04 04:53:00+00:00,81089.7,81102.7,81069.9,81070.0,1.856623
2026-09-04 04:54:00+00:00,81070.0,81091.9,81065.3,81065.3,3.600745
2026-09-04 04:55:00+00:00,81065.3,81141.9,81065.3,81133.7,4.637299
2026-09-04 04:56:00+00:00,81133.7,81133.7,81097.8,81097.8,0.728884
2026-09-04 04:57:00+00:00,81097.8,81097.8,81078.2,81078.2,0.497432
2026-09-04 04:58:00+00:00,81078.2,81078.3,81067.3,81067.4,0.599416
2026-09-04 04:59:00+00:00,81067.4,81067.8,81057.2,81067.8,2.727713
2026-09-04 05:00:00+00:00,81067.8,81067.8,80992.3,80998.7,11.462748
2026-09-04 05:01:00+00:00,80998.7,80998.8,80975.4,80980.9,2.712653
2026-09-04 05:02:00+00:00,80980.9,81027.1,80980.2,81017.9,5.892678
2026-09-04 05:03:00+00:00,81017.9,81034.3,80993.5,80993.5,3.193142
2026-09-04 05:04:00+00:00,80993.5,81018.4,80993.4,81009.1,3.639157
2026-09-04 05:05:00+00:00,81009.1,81022.8,80983.7,81010.1,7.451023
2026-09-04 05:06:00+00:00,81010.1,81010.1,81006.1,81006.2,0.268895
2026-09-04 05:07:00+00:00,81006.2,81054.0,80994.5,81028.2,8.631897
2026-09-04 05:08:00+00:00,81028.2,81075.4,81028.2,81065.1,3.53346
2026-09-04 05:09:00+00:00,81065.1,81066.1,81037.3,81054.0,1.423188
2026-09-04 05:10:00+00:00,81054.0,81054.7,81041.6,81046.2,0.709282
2026-09-04 05:11:00+00:00,81046.2,81062.9,80982.1,80989.7,6.350192
2026-09-04 05:12:00+00:00,80989.7,81015.4,80989.7,81015.4,1.809174
2026-09-04 05:13:00+00:00,81015.4,81016.1,80986.1,80986.1,1.034203
2026-09-04 05:14:00+00:00,80986.1,80989.0,80976.2,80976.2,0.692881
2026-09-04 05:15:00+00:00,80976.2,80980.8,80975.2,80980.8,0.521956
2026-09-04 05:16:00+00:00,80980.8,80982.0,80960.0,80960.0,0.718042
2026-09-04 05:17:00+00:00,80960.0,81023.9,80940.9,81017.9,7.842664
2026-09-04 05:18:00+00:00,81017.9,81080.0,81017.9,81080.0,3.661782
2026-09-04 05:19:00+00:00,81080.0,81142.7,81080.0,81102.3,4.752894
2026-09-04 05:20:00+00:00,81102.3,81102.3,81039.3,81041.1,4.031775
2026-09-04 05:21:00+00:00,81041.1,81072.2,81029.5,81045.8,3.493258
2026-09-04 05:22:00+00:00,81045.8,81072.0,81023.1,81072.0,3.112285
2026-09-04 05:23:00+00:00,81072.0,81089.2,81068.2,81076.7,1.276314
2026-09-04 05:24:00+00:00,81076.7,81125.3,81076.7,81125.1,0.758135
2026-09-04 05:25:00+00:00,81125.1,81141.9,81058.0,81064.1,7.886571
2026-09-04 05:26:00+00:00,81064.1,81099.8,81064.0,81091.6,2.495915
2026-09-04 05:27:00+00:00,81091.6,81091.6,81065.9,81065.9,0.831069
2026-09-04 05:28:00+00:00,81065.9,81066.0,81044.6,81044.7,0.59443
2026-09-04 05:29:00+00:00,81044.7,81044.7,81012.1,81012.1,0.614626
2026-09-04 05:30:00+00:00,81012.1,81012.1,80903.9,80907.1,7.666423
2026-09-04 05:31:00+00:00,80907.1,80923.6,80900.6,80914.9,3.474468
2026-09-04 05:32:00+00:00,80914.9,80967.1,80914.9,80967.1,3.605893
2026-09-04 05:33:00+00:00,80967.1,80988.0,80958.0,80972.3,4.161498
2026-09-04 05:34:00+00:00,80972.3,81003.0,80972.2,80990.3,1.051891
2026-09-04 05:35:00+00:00,80990.3,80991.1,80955.0,80955.0,1.996173
2026-09-04 05:36:00+00:00,80955.0,81007.9,80945.4,80977.8,7.841495
2026-09-04 05:37:00+00:00,80977.8,81016.1,80977.7,80991.4,3.608472
2026-09-04 05:38:00+00:00,80991.4,80998.2,80956.9,80967.0,1.479969
2026-09-04 05:39:00+00:00,80967.0,80967.0,80917.3,80917.3,1.730302
2026-09-04 05:40:00+00:00,80917.3,80927.9,80916.1,80927.9,1.309801
2026-09-04 05:41:00+00:00,80927.9,80959.2,80927.9,80959.2,1.340908
2026-09-04 05:42:00+00:00,80959.2,80993.5,80959.2,80969.5,2.216232
2026-09-04 05:43:00+00:00,80969.5,80969.5,80950.0,80955.2,0.632285
2026-09-04 05:44:00+00:00,80955.2,80986.0,80955.2,80986.0,1.568571
2026-09-04 05:45:00+00:00,80986.0,81063.9,80984.9,81012.1,9.126556
2026-09-04 05:46:00+00:00,81012.1,81016.0,80966.9,80966.9,2.153432
2026-09-04 05:47:00+00:00,80966.9,80966.9,80923.5,80923.5,2.380459
2026-09-04 05:48:00+00:00,80923.5,80926.2,80910.0,80910.0,1.708354
2026-09-04 05:49:00+00:00,80910.0,80925.6,80888.6,80892.1,1.656965
2026-09-04 05:50:00+00:00,80892.1,80900.4,80858.1,80858.8,1.431528
2026-09-04 05:51:00+00:00,80858.8,80892.3,80858.8,80886.6,1.696488
2026-09-04 05:52:00+00:00,80886.6,80895.5,80886.6,80895.5,1.758684
2026-09-04 05:53:00+00:00,80895.5,80895.5,80856.3,80862.0,1.744866
2026-09-04 05:54:00+00:00,80862.0,80862.9,80854.5,80854.6,0.560471
2026-09-04 05:55:00+00:00,80854.6,80886.0,80854.5,80885.1,3.106327
2026-09-04 05:56:00+00:00,80885.1,80953.0,80885.0,80949.1,1.863704
2026-09-04 05:57:00+00:00,80949.1,80976.7,80939.6,80976.7,1.87974
2026-09-04 05:58:00+00:00,80976.7,81037.5,80976.7,81010.0,1.808264
2026-09-04 05:59:00+00:00,81010.0,81011.3,80990.1,80990.1,1.094906
2026-09-04 06:00:00+00:00,80990.1,80990.1,80927.3,80927.3,2.646972
2026-09-04 06:01:00+00:00,80927.3,80960.9,80919.5,80943.6,2.960474
2026-09-04 06:02:00+00:00,80943.6,80943.6,80912.9,80939.4,1.551128
2026-09-04 06:03:00+00:00,80939.4,80943.4,80903.2,80943.4,2.228678
2026-09-04 06:04:00+00:00,80943.4,80943.5,80924.5,80943.5,1.703668
2026-09-04 06:05:00+00:00,80943.5,80943.5,80918.8,80918.8,2.772821
2026-09-04 06:06:00+00:00,80918.8,80957.1,80918.8,80924.5,4.938315
2026-09-04 06:07:00+00:00,80924.5,80961.7,80924.5,80948.1,1.690051
2026-09-04 06:08:00+00:00,80948.1,80968.8,80948.0,80968.8,0.497063
2026-09-04 06:09:00+00:00,80968.8,81019.3,80968.8,81019.3,1.039707
2026-09-04 06:10:00+00:00,81019.3,81084.0,81019.3,81084.0,1.939077
2026-09-04 06:11:00+00:00,81084.0,81084.8,81057.9,81060.8,4.298311
2026-09-04 06:12:00+00:00,81060.8,81070.0,81038.6,81070.0,3.12984
2026-09-04 06:13:00+00:00,81070.0,81087.3,81022.0,81022.1,2.433538
2026-09-04 06:14:00+00:00,81022.1,81037.5,81009.9,81010.0,1.643409
2026-09-04 06:15:00+00:00,81010.0,81018.9,81000.2,81018.9,2.020642
2026-09-04 06:16:00+00:00,81018.9,81032.1,81004.3,81006.1,2.331039
2026-09-04 06:17:00+00:00,81006.1,81012.4,80973.6,80973.6,1.759828
2026-09-04 06:18:00+00:00,80973.6,80984.3,80968.6,80980.7,1.327518
2026-09-04 06:19:00+00:00,80980.7,80980.8,80955.0,80979.9,2.267327
2026-09-04 06:20:00+00:00,80979.9,80980.0,80932.0,80937.3,1.923516
2026-09-04 06:21:00+00:00,80937.3,80958.3,80931.0,80958.3,3.571008
2026-09-04 06:22:00+00:00,80958.3,80958.3,80925.2,80925.2,1.841865
2026-09-04 06:23:00+00:00,80925.2,80932.4,80923.3,80923.8,2.53014
2026-09-04 06:24:00+00:00,80923.8,80923.8,80845.1,80845.1,3.007214
2026-09-04 06:25:00+00:00,80845.1,80846.8,80833.2,80835.8,2.086658
2026-09-04 06:26:00+00:00,80835.8,80835.8,80766.6,80771.9,5.964791
2026-09-04 06:27:00+00:00,80771.9,80805.6,80764.8,80764.8,4.962116
2026-09-04 06:28:00+00:00,80764.8,80767.4,80750.0,80750.3,2.267449
2026-09-04 06:29:00+00:00,80750.3,80750.3,80696.1,80723.8,3.979919
2026-09-04 06:30:00+00:00,80723.8,80756.4,80715.6,80721.8,2.934562
2026-09-04 06:31:00+00:00,80721.8,80775.9,80721.8,80731.3,1.956043
2026-09-04 06:32:00+00:00,80731.3,80738.7,80730.0,80738.7,1.438666
2026-09-04 06:33:00+00:00,80738.7,80758.7,80715.9,80716.0,2.575095
2026-09-04 06:34:00+00:00,80716.0,80716.0,80686.4,80686.4,6.738955
2026-09-04 06:35:00+00:00,80686.4,80742.5,80677.3,80739.2,7.190797
2026-09-04 06:36:00+00:00,80739.2,80739.2,80582.3,80626.6,16.007561
2026-09-04 06:37:00+00:00,80626.6,80636.7,80599.7,80636.7,2.521089
2026-09-04 06:38:00+00:00,80636.7,80726.5,80636.7,80722.4,3.181985
2026-09-04 06:39:00+00:00,80722.4,80760.5,80722.4,80746.1,9.557369
2026-09-04 06:40:00+00:00,80746.1,80783.0,80746.1,80775.0,4.791127
2026-09-04 06:41:00+00:00,80775.0,80835.6,80754.3,80824.7,5.536844
2026-09-04 06:42:00+00:00,80824.7,80824.7,80801.0,80809.6,2.408989
2026-09-04 06:43:00+00:00,80809.6,80834.4,80809.6,80833.4,2.281056
2026-09-04 06:44:00+00:00,80833.4,80860.5,80833.4,80843.0,4.315733
2026-09-04 06:45:00+00:00,80843.0,80862.5,80843.0,80850.1,3.157435
2026-09-04 06:46:00+00:00,80850.1,80850.7,80823.2,80835.3,1.665418
2026-09-04 06:47:00+00:00,80835.3,80835.3,80797.3,80797.3,0.798885
2026-09-04 06:48:00+00:00,80797.3,80797.3,80785.6,80791.0,1.116662
2026-09-04 06:49:00+00:00,80791.0,80791.0,80751.5,80765.0,1.789515
2026-09-04 06:50:00+00:00,80765.0,80765.0,80738.8,80742.8,1.274058
2026-09-04 06:51:00+00:00,80742.8,80742.9,80723.1,80723.1,0.596827
2026-09-04 06:52:00+00:00,80723.1,80741.8,80700.1,80741.8,2.223829
2026-09-04 06:53:00+00:00,80741.8,80763.0,80741.8,80756.7,1.647049
2026-09-04 06:54:00+00:00,80756.7,80781.2,80756.7,80781.1,1.468765
2026-09-04 06:55:00+00:00,80781.1,80804.0,80773.1,80782.4,6.103089
2026-09-04 06:56:00+00:00,80782.4,80792.8,80758.7,80761.6,1.625757
2026-09-04 06:57:00+00:00,80761.6,80761.6,80749.0,80754.9,0.91765
2026-09-04 06:58:00+00:00,80754.9,80787.8,80754.8,80787.8,1.258249
2026-09-04 06:59:00+00:00,80787.8,80798.7,80782.5,80798.7,1.799802
2026-09-04 07:00:00+00:00,80798.7,80851.5,80782.6,80851.4,1.867777
2026-09-04 07:01:00+00:00,80851.4,80863.8,80831.9,80831.9,2.872123
2026-09-04 07:02:00+00:00,80831.9,80846.3,80828.7,80835.5,2.268982
2026-09-04 07:03:00+00:00,80835.5,80851.7,80835.5,80840.1,1.403964
2026-09-04 07:04:00+00:00,80840.1,80892.8,80840.1,80892.8,2.734652
2026-09-04 07:05:00+00:00,80892.8,80904.1,80869.0,80895.7,1.893554
2026-09-04 07:06:00+00:00,80895.7,80898.6,80864.2,80864.2,1.577254
2026-09-04 07:07:00+00:00,80864.2,80917.2,80863.4,80917.2,5.16676
2026-09-04 07:08:00+00:00,80917.2,80922.5,80889.5,80905.6,2.469959
2026-09-04 07:09:00+00:00,80905.6,80934.8,80905.6,80917.6,1.692664
2026-09-04 07:10:00+00:00,80917.6,80937.9,80906.7,80914.4,2.430311
2026-09-04 07:11:00+00:00,80914.4,80950.0,80914.3,80949.9,1.205334
2026-09-04 07:12:00+00:00,80949.9,80953.3,80919.3,80953.2,5.196986
2026-09-04 07:13:00+00:00,80953.2,80962.2,80937.0,80948.9,2.053868
2026-09-04 07:14:00+00:00,80948.9,80954.5,80931.3,80931.3,1.592315
2026-09-04 07:15:00+00:00,80931.3,80931.3,80877.6,80891.6,3.332018
2026-09-04 07:16:00+00:00,80891.6,80895.7,80849.6,80873.2,3.215221
2026-09-04 07:17:00+00:00,80873.2,80896.5,80873.1,80886.5,1.519552
2026-09-04 07:18:00+00:00,80886.5,80910.5,80886.5,80899.2,2.479583
2026-09-04 07:19:00+00:00,80899.2,80923.9,80899.1,80923.9,1.226725
2026-09-04 07:20:00+00:00,80923.9,80963.9,80923.9,80927.6,3.684568
2026-09-04 07:21:00+00:00,80927.6,80927.6,80879.8,80880.1,2.523667
2026-09-04 07:22:00+00:00,80880.1,80880.1,80848.4,80869.6,3.833622
2026-09-04 07:23:00+00:00,80869.6,80869.6,80860.2,80869.5,0.856647
2026-09-04 07:24:00+00:00,80869.5,80869.6,80839.9,80851.3,2.804759
2026-09-04 07:25:00+00:00,80851.3,80853.7,80851.2,80853.7,0.268205
2026-09-04 07:26:00+00:00,80853.7,80853.7,80842.3,80842.6,0.688574
2026-09-04 07:27:00+00:00,80842.6,80895.7,80842.6,80895.7,1.332053
2026-09-04 07:28:00+00:00,80895.7,80899.3,80860.9,80860.9,1.736243
2026-09-04 07:29:00+00:00,80860.9,80860.9,80846.7,80856.9,2.092009
2026-09-04 07:30:00+00:00,80856.9,80905.6,80856.9,80880.1,4.527297
2026-09-04 07:31:00+00:00,80880.1,80880.1,80839.9,80866.7,3.655086
2026-09-04 07:32:00+00:00,80866.7,80895.4,80852.0,80895.2,3.96832
2026-09-04 07:33:00+00:00,80895.2,80911.2,80884.1,80889.6,3.090826
2026-09-04 07:34:00+00:00,80889.6,80889.6,80841.1,80854.5,3.932658
2026-09-04 07:35:00+00:00,80854.5,80854.6,80839.0,80842.4,2.792227
2026-09-04 07:36:00+00:00,80842.4,80842.5,80809.2,80809.3,3.700883
2026-09-04 07:37:00+00:00,80809.3,80809.3,80767.7,80778.8,3.548575
2026-09-04 07:38:00+00:00,80778.8,80791.1,80778.2,80791.0,2.641651
2026-09-04 07:39:00+00:00,80791.0,80791.0,80750.0,80779.8,9.64017
2026-09-04 07:40:00+00:00,80779.8,80805.9,80771.4,80771.5,4.908898
2026-09-04 07:41:00+00:00,80771.5,80785.3,80766.8,80783.5,3.590763
2026-09-04 07:42:00+00:00,80783.5,80783.5,80769.0,80769.0,2.556458
2026-09-04 07:43:00+00:00,80769.0,80782.7,80761.0,80779.0,2.329515
2026-09-04 07:44:00+00:00,80779.0,80782.7,80770.0,80776.9,2.870818
2026-09-04 07:45:00+00:00,80776.9,80790.0,80740.0,80750.1,5.817549
2026-09-04 07:46:00+00:00,80750.1,80752.0,80724.0,80724.1,3.243494
2026-09-04 07:47:00+00:00,80724.1,80744.5,80724.0,80736.1,5.50896
2026-09-04 07:48:00+00:00,80736.1,80773.5,80736.0,80753.6,3.258722
2026-09-04 07:49:00+00:00,80753.6,80785.9,80747.1,80747.2,3.07804
2026-09-04 07:50:00+00:00,80747.2,80747.2,80720.0,80721.7,2.610404
2026-09-04 07:51:00+00:00,80721.7,80761.8,80715.3,80735.8,8.132716
2026-09-04 07:52:00+00:00,80735.8,80739.2,80710.8,80739.1,3.771586
2026-09-04 07:53:00+00:00,80739.1,80744.5,80710.4,80740.1,2.712727
2026-09-04 07:54:00+00:00,80740.1,80740.2,80700.5,80700.8,3.397163
2026-09-04 07:55:00+00:00,80700.8,80709.2,80700.5,80709.1,2.071052
2026-09-04 07:56:00+00:00,80709.1,80716.7,80681.7,80692.7,6.313035
2026-09-04 07:57:00+00:00,80692.7,80692.8,80660.4,80660.5,3.485732
2026-09-04 07:58:00+00:00,80660.5,80683.4,80660.1,80677.9,4.007847
2026-09-04 07:59:00+00:00,80677.9,80677.9,80655.3,80667.9,4.131773
2026-09-04 08:00:00+00:00,80667.9,80715.0,80667.9,80714.9,6.79679
2026-09-04 08:01:00+00:00,80714.9,80714.9,80636.5,80644.1,3.480289
2026-09-04 08:02:00+00:00,80644.1,80693.1,80639.1,80693.1,4.897756
2026-09-04 08:03:00+00:00,80693.1,80693.1,80648.3,80648.3,3.455155
2026-09-04 08:04:00+00:00,80648.3,80653.6,80630.4,80635.4,13.863832
2026-09-04 08:05:00+00:00,80635.4,80667.8,80500.1,80667.8,30.783153
2026-09-04 08:06:00+00:00,80667.8,80728.6,80659.5,80714.7,7.048096
2026-09-04 08:07:00+00:00,80714.7,80730.6,80662.1,80702.7,6.886867
2026-09-04 08:08:00+00:00,80702.7,80721.9,80685.9,80719.0,4.56831
2026-09-04 08:09:00+00:00,80719.0,80729.0,80686.9,80711.1,10.79964
2026-09-04 08:10:00+00:00,80711.1,80744.0,80706.4,80706.5,4.997761
2026-09-04 08:11:00+00:00,80706.5,80732.2,80706.4,80720.1,2.767868
2026-09-04 08:12:00+00:00,80720.1,80753.4,80716.1,80749.3,3.065165
2026-09-04 08:13:00+00:00,80749.3,80753.2,80714.7,80725.5,4.69691
2026-09-04 08:14:00+00:00,80725.5,80781.1,80725.5,80781.1,5.778603
2026-09-04 08:15:00+00:00,80781.1,80821.7,80781.0,80804.3,6.15074
2026-09-04 08:16:00+00:00,80804.3,80814.8,80780.1,80810.4,2.528847
2026-09-04 08:17:00+00:00,80810.4,80848.3,80810.3,80829.1,4.459006
2026-09-04 08:18:00+00:00,80829.1,80857.4,80815.1,80851.1,3.694707
2026-09-04 08:19:00+00:00,80851.1,80875.9,80851.1,80875.8,0.751747
2026-09-04 08:20:00+00:00,80875.8,80875.9,80855.9,80874.3,1.758476
2026-09-04 08:21:00+00:00,80874.3,80874.3,80860.4,80860.5,2.45318
2026-09-04 08:22:00+00:00,80860.5,80877.5,80858.5,80868.2,0.982637
2026-09-04 08:23:00+00:00,80868.2,80881.2,80868.1,80881.1,0.828795
2026-09-04 08:24:00+00:00,80881.1,80920.4,80881.1,80920.4,2.675347
2026-09-04 08:25:00+00:00,80920.4,80937.5,80917.0,80935.9,3.047116
2026-09-04 08:26:00+00:00,80935.9,80993.4,80935.9,80958.6,8.045988
2026-09-04 08:27:00+00:00,80958.6,80970.2,80948.0,80970.2,1.64064
2026-09-04 08:28:00+00:00,80970.2,80970.2,80952.1,80961.4,1.640564
2026-09-04 08:29:00+00:00,80961.4,81001.5,80957.7,80983.0,1.941708
2026-09-04 08:30:00+00:00,80983.0,81079.0,80972.9,81078.7,15.631541
2026-09-04 08:31:00+00:00,81078.7,81099.0,81026.1,81026.1,10.927097
2026-09-04 08:32:00+00:00,81026.1,81028.2,80973.0,81001.0,6.000623
2026-09-04 08:33:00+00:00,81001.0,81086.1,81001.0,81081.0,10.202755
2026-09-04 08:34:00+00:00,81081.0,81163.1,81078.8,81110.8,20.655232
2026-09-04 08:35:00+00:00,81110.8,81139.3,81104.8,81104.9,3.612507
2026-09-04 08:36:00+00:00,81104.9,81104.9,81066.1,81068.2,2.67872
2026-09-04 08:37:00+00:00,81068.2,81145.9,81068.1,81091.8,6.640239
2026-09-04 08:38:00+00:00,81091.8,81145.4,81066.6,81081.6,11.659929
2026-09-04 08:39:00+00:00,81081.6,81124.0,81081.6,81102.5,16.484683
2026-09-04 08:40:00+00:00,81102.5,81113.9,81039.0,81083.2,15.014325
2026-09-04 08:41:00+00:00,81083.2,81155.8,81072.4,81147.0,14.495913
2026-09-04 08:42:00+00:00,81147.0,81150.8,81122.9,81123.4,1.714416
2026-09-04 08:43:00+00:00,81123.4,81123.4,81057.0,81057.0,1.484407
2026-09-04 08:44:00+00:00,81057.0,81058.3,81050.0,81050.0,2.012059
2026-09-04 08:45:00+00:00,81050.0,81112.8,81015.5,81112.8,6.41508
2026-09-04 08:46:00+00:00,81112.8,81245.7,81000.0,81118.8,23.723542
2026-09-04 08:47:00+00:00,81118.8,81143.3,81079.9,81079.9,3.208689
2026-09-04 08:48:00+00:00,81079.9,81148.9,81051.9,81139.4,4.209958
2026-09-04 08:49:00+00:00,81139.4,81156.0,81112.3,81112.3,3.210864
2026-09-04 08:50:00+00:00,81112.3,81172.2,81098.3,81138.0,8.003442
2026-09-04 08:51:00+00:00,81138.0,81167.0,81110.7,81151.7,4.464352
2026-09-04 08:52:00+00:00,81151.7,81151.7,81100.0,81150.6,4.892495
2026-09-04 08:53:00+00:00,81150.6,81188.7,81128.3,81154.3,2.889116
2026-09-04 08:54:00+00:00,81154.3,81240.0,81154.3,81213.9,5.152081
2026-09-04 08:55:00+00:00,81213.9,81216.9,81147.1,81147.2,3.527081
2026-09-04 08:56:00+00:00,81147.2,81154.8,81127.6,81127.7,3.230796
2026-09-04 08:57:00+00:00,81127.7,81164.8,81116.6,81143.5,14.762471
2026-09-04 08:58:00+00:00,81143.5,81144.6,81129.8,81133.8,0.943913
2026-09-04 08:59:00+00:00,81133.8,81162.7,81125.9,81148.7,2.198579
2026-09-04 09:00:00+00:00,81148.7,81161.0,81129.9,81146.8,5.682625
2026-09-04 09:01:00+00:00,81146.8,81150.1,81127.2,81140.5,2.5829
2026-09-04 09:02:00+00:00,81140.5,81223.8,81140.5,81223.8,6.988517
2026-09-04 09:03:00+00:00,81223.8,81237.6,81168.4,81197.3,9.234869
2026-09-04 09:04:00+00:00,81197.3,81197.3,81164.2,81175.7,4.04262
2026-09-04 09:05:00+00:00,81175.7,81201.9,81154.1,81201.8,5.860291
2026-09-04 09:06:00+00:00,81201.8,81201.8,81169.4,81169.4,3.718972
2026-09-04 09:07:00+00:00,81169.4,81187.3,81129.7,81144.2,4.924559
2026-09-04 09:08:00+00:00,81144.2,81144.2,81109.1,81113.0,2.066909
2026-09-04 09:09:00+00:00,81113.0,81130.2,81107.9,81130.2,2.568598
2026-09-04 09:10:00+00:00,81130.2,81139.8,81100.0,81100.0,1.775581
2026-09-04 09:11:00+00:00,81100.0,81163.8,81091.0,81157.9,8.337258
2026-09-04 09:12:00+00:00,81157.9,81162.8,81132.4,81134.8,2.975271
2026-09-04 09:13:00+00:00,81134.8,81163.9,81079.5,81083.4,4.789009
2026-09-04 09:14:00+00:00,81083.4,81105.7,81083.4,81092.9,2.764216
2026-09-04 09:15:00+00:00,81092.9,81129.2,81092.9,81129.1,1.985161
2026-09-04 09:16:00+00:00,81129.1,81296.7,81129.1,81296.6,10.895935
2026-09-04 09:17:00+00:00,81296.6,81302.3,81234.6,81289.7,6.451656
2026-09-04 09:18:00+00:00,81289.7,81311.7,81256.1,81309.6,4.673249
2026-09-04 09:19:00+00:00,81309.6,81309.6,81186.0,81186.0,10.093136
2026-09-04 09:20:00+00:00,81186.0,81197.6,81071.3,81089.9,4.620578
2026-09-04 09:21:00+00:00,81089.9,81105.3,81004.0,81012.3,17.809916
2026-09-04 09:22:00+00:00,81012.3,81067.7,80962.4,81067.7,12.860733
2026-09-04 09:23:00+00:00,81067.7,81073.2,81029.4,81029.5,1.366965
2026-09-04 09:24:00+00:00,81029.5,81030.7,80981.6,80981.6,2.554917
2026-09-04 09:25:00+00:00,80981.6,80997.3,80976.9,80977.2,2.233803
2026-09-04 09:26:00+00:00,80977.2,80997.5,80933.8,80996.9,5.703071
2026-09-04 09:27:00+00:00,80996.9,81047.1,80991.3,81023.0,28.524089
2026-09-04 09:28:00+00:00,81023.0,81056.0,81023.0,81055.9,83.114533
2026-09-04 09:29:00+00:00,81055.9,81071.3,81050.4,81050.4,18.153923
2026-09-04 09:30:00+00:00,81050.4,81076.9,80998.2,81031.7,41.78468
2026-09-04 09:31:00+00:00,81031.7,81058.1,80994.2,81036.1,18.002286
2026-09-04 09:32:00+00:00,81036.1,81130.6,81036.1,81129.3,6.136617
2026-09-04 09:33:00+00:00,81129.3,81156.5,81102.9,81103.0,3.989462
2026-09-04 09:34:00+00:00,81103.0,81119.4,81086.9,81087.2,3.34321
2026-09-04 09:35:00+00:00,81087.2,81087.2,81034.8,81068.3,4.093097
2026-09-04 09:36:00+00:00,81068.3,81155.0,81068.3,81155.0,4.61634
2026-09-04 09:37:00+00:00,81155.0,81226.5,81154.4,81222.5,6.376303
2026-09-04 09:38:00+00:00,81222.5,81228.3,81179.4,81195.7,5.534153
2026-09-04 09:39:00+00:00,81195.7,81213.9,81151.8,81177.9,12.688027
2026-09-04 09:40:00+00:00,81177.9,81245.6,81177.9,81231.0,27.25405
2026-09-04 09:41:00+00:00,81231.0,81236.0,81217.1,81221.2,26.591519
2026-09-04 09:42:00+00:00,81221.2,81221.2,81150.9,81159.9,34.129694
2026-09-04 09:43:00+00:00,81159.9,81170.0,81151.2,81170.0,78.61394
2026-09-04 09:44:00+00:00,81170.0,81170.0,81153.5,81156.0,56.603195
2026-09-04 09:45:00+00:00,81156.0,81204.2,81154.0,81189.7,4.416914
2026-09-04 09:46:00+00:00,81189.7,81214.8,81181.5,81181.6,2.474537
2026-09-04 09:47:00+00:00,81181.6,81181.6,81118.7,81131.8,6.79505
2026-09-04 09:48:00+00:00,81131.8,81136.1,81096.5,81107.6,4.759657
2026-09-04 09:49:00+00:00,81107.6,81111.1,81071.1,81101.1,6.940851
2026-09-04 09:50:00+00:00,81101.1,81110.5,81078.4,81078.4,2.598437
2026-09-04 09:51:00+00:00,81078.4,81078.4,81045.1,81049.4,2.957724
2026-09-04 09:52:00+00:00,81049.4,81061.1,81034.7,81038.4,2.431359
2026-09-04 09:53:00+00:00,81038.4,81053.9,81028.7,81053.9,1.903902
2026-09-04 09:54:00+00:00,81053.9,81127.4,81053.9,81109.1,10.314569
2026-09-04 09:55:00+00:00,81109.1,81146.6,81108.1,81132.6,3.290324
2026-09-04 09:56:00+00:00,81132.6,81176.1,81132.6,81140.3,5.373825
2026-09-04 09:57:00+00:00,81140.3,81140.3,81106.7,81106.7,1.435277
2026-09-04 09:58:00+00:00,81106.7,81106.7,81031.5,81038.1,2.685807
2026-09-04 09:59:00+00:00,81038.1,81059.3,81038.1,81054.1,1.073705
2026-09-04 10:00:00+00:00,81054.1,81063.7,80971.4,80971.4,20.619641
2026-09-04 10:01:00+00:00,80971.4,81060.1,80971.4,81032.6,4.43754
2026-09-04 10:02:00+00:00,81032.6,81089.8,81032.6,81089.8,2.872612
2026-09-04 10:03:00+00:00,81089.8,81124.9,81076.8,81108.3,2.379561
2026-09-04 10:04:00+00:00,81108.3,81114.4,81086.0,81114.3,3.052647
2026-09-04 10:05:00+00:00,81114.3,81114.3,81028.2,81036.1,3.314045
2026-09-04 10:06:00+00:00,81036.1,81042.7,80982.7,80986.7,3.413629
2026-09-04 10:07:00+00:00,80986.7,81009.6,80966.4,80969.7,5.780378
2026-09-04 10:08:00+00:00,80969.7,80992.5,80951.7,80992.2,4.070676
2026-09-04 10:09:00+00:00,80992.2,80992.2,80914.4,80924.2,5.564213
2026-09-04 10:10:00+00:00,80924.2,80934.0,80872.6,80898.9,151.054153
2026-09-04 10:11:00+00:00,80898.9,80974.9,80898.9,80974.9,17.965498
2026-09-04 10:12:00+00:00,80974.9,81013.6,80974.9,81006.8,54.131821
2026-09-04 10:13:00+00:00,81006.8,81011.0,80940.1,80940.1,125.698367
2026-09-04 10:14:00+00:00,80940.1,80982.7,80933.4,80982.7,47.602803
2026-09-04 10:15:00+00:00,80982.7,80988.1,80892.4,80892.4,29.522209
2026-09-04 10:16:00+00:00,80892.4,80894.2,80867.7,80886.5,6.237563
2026-09-04 10:17:00+00:00,80886.5,80886.6,80847.0,80847.1,4.459616
2026-09-04 10:18:00+00:00,80847.1,80865.6,80840.7,80845.8,7.9226
2026-09-04 10:19:00+00:00,80845.8,80852.8,80840.3,80852.8,2.442232
2026-09-04 10:20:00+00:00,80852.8,80892.4,80852.8,80868.1,5.006888
2026-09-04 10:21:00+00:00,80868.1,80891.7,80857.4,80858.0,15.94012
2026-09-04 10:22:00+00:00,80858.0,80858.1,80826.2,80841.0,190.89161
2026-09-04 10:23:00+00:00,80841.0,80852.0,80828.0,80828.0,62.642765
2026-09-04 10:24:00+00:00,80828.0,80865.1,80819.1,80856.5,7.27063
2026-09-04 10:25:00+00:00,80856.5,80894.0,80836.7,80881.5,4.831419
2026-09-04 10:26:00+00:00,80881.5,80884.0,80849.4,80849.4,3.494723
2026-09-04 10:27:00+00:00,80849.4,80894.7,80849.3,80894.7,7.90815
2026-09-04 10:28:00+00:00,80894.7,80938.4,80894.6,80926.6,3.244143
2026-09-04 10:29:00+00:00,80926.6,80956.3,80921.2,80952.1,6.578044
2026-09-04 10:30:00+00:00,80952.1,80952.2,80900.5,80918.5,9.471252
2026-09-04 10:31:00+00:00,80918.5,80965.0,80913.1,80959.0,30.563441
2026-09-04 10:32:00+00:00,80959.0,81034.2,80955.0,81006.9,21.774409
2026-09-04 10:33:00+00:00,81006.9,81040.1,80978.7,80979.7,5.685409
2026-09-04 10:34:00+00:00,80979.7,80983.4,80954.3,80954.4,3.428938
2026-09-04 10:35:00+00:00,80954.4,81002.9,80954.4,80982.3,7.428081
2026-09-04 10:36:00+00:00,80982.3,81039.8,80976.9,81036.4,6.523963
2026-09-04 10:37:00+00:00,81036.4,81086.1,81031.7,81054.1,57.110483
2026-09-04 10:38:00+00:00,81054.1,81085.0,81054.1,81077.0,12.750989
2026-09-04 10:39:00+00:00,81077.0,81088.8,81074.7,81088.8,2.68186
2026-09-04 10:40:00+00:00,81088.8,81113.3,81059.1,81059.2,6.695748
2026-09-04 10:41:00+00:00,81059.2,81059.9,81035.6,81059.9,2.644974
2026-09-04 10:42:00+00:00,81059.9,81075.1,81034.8,81034.8,4.852528
2026-09-04 10:43:00+00:00,81034.8,81055.3,81032.0,81051.2,2.017497
2026-09-04 10:44:00+00:00,81051.2,81074.4,81051.1,81074.3,0.795165
2026-09-04 10:45:00+00:00,81074.3,81074.4,81040.9,81040.9,1.735087
2026-09-04 10:46:00+00:00,81040.9,81091.4,81038.6,81087.3,2.162682
2026-09-04 10:47:00+00:00,81087.3,81087.4,81071.2,81084.7,1.166816
2026-09-04 10:48:00+00:00,81084.7,81116.4,81077.8,81093.8,4.596667
2026-09-04 10:49:00+00:00,81093.8,81093.8,81074.8,81077.4,1.47713
2026-09-04 10:50:00+00:00,81077.4,81089.6,81043.6,81043.6,2.946534
2026-09-04 10:51:00+00:00,81043.6,81043.7,81021.0,81036.7,3.301746
2026-09-04 10:52:00+00:00,81036.7,81051.7,81035.6,81046.6,6.070137
2026-09-04 10:53:00+00:00,81046.6,81051.6,81037.5,81038.9,5.926379
2026-09-04 10:54:00+00:00,81038.9,81112.5,81038.8,81112.4,3.066985
2026-09-04 10:55:00+00:00,81112.4,81123.7,81103.0,81121.2,2.742631
2026-09-04 10:56:00+00:00,81121.2,81147.3,81119.6,81142.0,3.311212
2026-09-04 10:57:00+00:00,81142.0,81147.3,81140.5,81147.3,2.525034
2026-09-04 10:58:00+00:00,81147.3,81168.0,81147.3,81167.9,1.384769
2026-09-04 10:59:00+00:00,81167.9,81195.4,81161.5,81183.3,5.472064
2026-09-04 11:00:00+00:00,81183.3,81186.2,81125.1,81125.1,2.765522
2026-09-04 11:01:00+00:00,81125.1,81134.0,81092.4,81097.1,3.008112
2026-09-04 11:02:00+00:00,81097.1,81134.7,81097.1,81108.3,2.154299
2026-09-04 11:03:00+00:00,81108.3,81108.4,81079.1,81082.5,4.111631
2026-09-04 11:04:00+00:00,81082.5,81116.7,81080.3,81107.1,9.275065
2026-09-04 11:05:00+00:00,81107.1,81138.4,81107.1,81128.1,2.768738
2026-09-04 11:06:00+00:00,81128.1,81154.6,81106.1,81127.5,4.422569
2026-09-04 11:07:00+00:00,81127.5,81157.7,81127.5,81157.7,1.513887
2026-09-04 11:08:00+00:00,81157.7,81175.2,81143.8,81175.0,3.646506
2026-09-04 11:09:00+00:00,81175.0,81181.4,81118.1,81174.0,8.952433
2026-09-04 11:10:00+00:00,81174.0,81174.0,81143.3,81168.0,1.65244
2026-09-04 11:11:00+00:00,81168.0,81171.1,81125.6,81133.7,2.97407
2026-09-04 11:12:00+00:00,81133.7,81156.9,81133.7,81146.4,3.212102
2026-09-04 11:13:00+00:00,81146.4,81211.2,81146.4,81211.1,2.659226
2026-09-04 11:14:00+00:00,81211.1,81221.6,81183.7,81186.3,2.970966
2026-09-04 11:15:00+00:00,81186.3,81225.1,81169.7,81200.4,8.876723
2026-09-04 11:16:00+00:00,81200.4,81214.5,81188.1,81212.3,2.705454
2026-09-04 11:17:00+00:00,81212.3,81212.3,81160.2,81160.2,35.752639
2026-09-04 11:18:00+00:00,81160.2,81160.2,81127.7,81131.7,4.483289
2026-09-04 11:19:00+00:00,81131.7,81178.3,81131.6,81176.0,3.863055
2026-09-04 11:20:00+00:00,81176.0,81242.1,81176.0,81198.4,7.670863
2026-09-04 11:21:00+00:00,81198.4,81242.5,81181.1,81242.5,2.663448
2026-09-04 11:22:00+00:00,81242.5,81270.0,81235.0,81270.0,2.922548
2026-09-04 11:23:00+00:00,81270.0,81270.0,81246.4,81246.4,1.050979
2026-09-04 11:24:00+00:00,81246.4,81281.1,81246.4,81275.0,9.050689
2026-09-04 11:25:00+00:00,81275.0,81288.8,81262.7,81262.7,2.528775
2026-09-04 11:26:00+00:00,81262.7,81308.3,81262.7,81299.9,16.264083
2026-09-04 11:27:00+00:00,81299.9,81366.4,81296.0,81350.9,7.171403
2026-09-04 11:28:00+00:00,81350.9,81382.0,81350.8,81381.9,3.440531
2026-09-04 11:29:00+00:00,81381.9,81409.8,81332.0,81332.1,6.548759
2026-09-04 11:30:00+00:00,81332.1,81332.1,81264.2,81266.0,5.653931
2026-09-04 11:31:00+00:00,81266.0,81310.0,81266.0,81292.0,4.418603
2026-09-04 11:32:00+00:00,81292.0,81306.5,81275.2,81302.3,2.996367
2026-09-04 11:33:00+00:00,81302.3,81302.3,81257.8,81260.5,1.98034
2026-09-04 11:34:00+00:00,81260.5,81275.0,81243.6,81243.6,4.165037
2026-09-04 11:35:00+00:00,81243.6,81278.7,81243.6,81263.4,3.54062
2026-09-04 11:36:00+00:00,81263.4,81285.5,81259.9,81259.9,3.916145
2026-09-04 11:37:00+00:00,81259.9,81294.6,81259.9,81294.6,2.443262
2026-09-04 11:38:00+00:00,81294.6,81324.7,81294.6,81295.9,3.797036
2026-09-04 11:39:00+00:00,81295.9,81295.9,81282.4,81284.2,3.038063
2026-09-04 11:40:00+00:00,81284.2,81284.3,81255.8,81257.1,3.684503
2026-09-04 11:41:00+00:00,81257.1,81257.1,81243.4,81243.5,0.878955
2026-09-04 11:42:00+00:00,81243.5,81246.6,81237.4,81246.0,1.76722
2026-09-04 11:43:00+00:00,81246.0,81246.0,81199.2,81219.9,5.555063
2026-09-04 11:44:00+00:00,81219.9,81248.2,81219.8,81248.1,3.286148
2026-09-04 11:45:00+00:00,81248.1,81283.4,81239.6,81241.9,3.987255
2026-09-04 11:46:00+00:00,81241.9,81245.4,81215.3,81222.8,2.166344
2026-09-04 11:47:00+00:00,81222.8,81264.4,81207.8,81254.6,3.538743
2026-09-04 11:48:00+00:00,81254.6,81254.7,81230.4,81246.7,1.836649
2026-09-04 11:49:00+00:00,81246.7,81271.7,81245.2,81257.8,2.063986
2026-09-04 11:50:00+00:00,81257.8,81277.5,81257.8,81277.5,1.161249
2026-09-04 11:51:00+00:00,81277.5,81311.7,81267.3,81311.7,3.703823
2026-09-04 11:52:00+00:00,81311.7,81347.5,81282.6,81283.0,4.557829
2026-09-04 11:53:00+00:00,81283.0,81288.8,81282.1,81283.6,1.509514
2026-09-04 11:54:00+00:00,81283.6,81283.7,81242.9,81275.4,4.221826
2026-09-04 11:55:00+00:00,81275.4,81320.2,81275.4,81311.6,4.164061
2026-09-04 11:56:00+00:00,81311.6,81311.6,81270.8,81272.2,3.457066
2026-09-04 11:57:00+00:00,81272.2,81272.2,81225.4,81225.4,4.584073
2026-09-04 11:58:00+00:00,81225.4,81258.5,81219.8,81236.5,6.067764
2026-09-04 11:59:00+00:00,81236.5,81259.4,81205.5,81224.2,6.236634
2026-09-04 12:00:00+00:00,81224.2,81261.7,81216.7,81240.2,3.898702
2026-09-04 12:01:00+00:00,81240.2,81240.2,81158.7,81158.7,5.417697
2026-09-04 12:02:00+00:00,81158.7,81196.9,81150.1,81196.8,5.41652
2026-09-04 12:03:00+00:00,81196.8,81238.6,81185.2,81238.5,1.692503
2026-09-04 12:04:00+00:00,81238.5,81238.5,81163.2,81206.1,6.093709
2026-09-04 12:05:00+00:00,81206.1,81232.1,81188.8,81192.2,5.13837
2026-09-04 12:06:00+00:00,81192.2,81192.2,81147.9,81148.7,2.281891
2026-09-04 12:07:00+00:00,81148.7,81159.4,81134.2,81151.1,8.678745
2026-09-04 12:08:00+00:00,81151.1,81235.3,81151.1,81219.0,4.982391
2026-09-04 12:09:00+00:00,81219.0,81275.9,81218.7,81218.7,10.687572
2026-09-04 12:10:00+00:00,81218.7,81224.6,81151.7,81155.7,4.331252
2026-09-04 12:11:00+00:00,81155.7,81162.1,81139.5,81162.0,2.161636
2026-09-04 12:12:00+00:00,81162.0,81163.4,81136.5,81146.5,1.494238
2026-09-04 12:13:00+00:00,81146.5,81188.3,81143.5,81188.3,2.590772
2026-09-04 12:14:00+00:00,81188.3,81259.3,81188.3,81243.6,5.753785
2026-09-04 12:15:00+00:00,81243.6,81243.6,81180.9,81180.9,4.441608
2026-09-04 12:16:00+00:00,81180.9,81219.5,81121.5,81145.4,10.621177
2026-09-04 12:17:00+00:00,81145.4,81190.6,81145.4,81168.6,3.044281
2026-09-04 12:18:00+00:00,81168.6,81170.8,81127.6,81128.9,2.217251
2026-09-04 12:19:00+00:00,81128.9,81165.6,81128.9,81165.6,2.210384
2026-09-04 12:20:00+00:00,81165.6,81181.7,81146.1,81146.2,2.240005
2026-09-04 12:21:00+00:00,81146.2,81181.9,81129.1,81181.9,6.363235
2026-09-04 12:22:00+00:00,81181.9,81183.2,81148.2,81148.2,2.295086
2026-09-04 12:23:00+00:00,81148.2,81148.2,81130.6,81141.6,3.084484
2026-09-04 12:24:00+00:00,81141.6,81217.2,81138.8,81210.7,3.781467
2026-09-04 12:25:00+00:00,81210.7,81232.8,81192.0,81232.8,3.065533
2026-09-04 12:26:00+00:00,81232.8,81302.5,81232.8,81235.2,5.258266
2026-09-04 12:27:00+00:00,81235.2,81277.6,81234.5,81273.6,7.767245
2026-09-04 12:28:00+00:00,81273.6,81277.4,81243.3,81277.3,4.960669
2026-09-04 12:29:00+00:00,81277.3,81352.1,81248.2,81331.1,11.085942
2026-09-04 12:30:00+00:00,81331.1,81331.1,80150.1,80179.7,289.800254
2026-09-04 12:31:00+00:00,80179.7,80308.2,79657.2,79963.9,154.055206
2026-09-04 12:32:00+00:00,79963.9,80013.9,79646.9,79881.2,52.666634
2026-09-04 12:33:00+00:00,79881.2,79932.7,79736.6,79863.3,32.872349
2026-09-04 12:34:00+00:00,79863.3,79984.9,79769.4,79824.1,60.841762
2026-09-04 12:35:00+00:00,79824.1,79981.0,79769.6,79830.6,32.898143
2026-09-04 12:36:00+00:00,79830.6,79859.1,79654.5,79670.4,22.304082
2026-09-04 12:37:00+00:00,79670.4,79685.0,79401.6,79642.4,67.212861
2026-09-04 12:38:00+00:00,79642.4,79760.9,79585.4,79717.3,28.354709
2026-09-04 12:39:00+00:00,79717.3,79950.0,79714.6,79941.9,19.074996
2026-09-04 12:40:00+00:00,79941.9,79980.6,79868.8,79950.0,12.823635
2026-09-04 12:41:00+00:00,79950.0,80015.0,79928.9,79966.3,13.583125
2026-09-04 12:42:00+00:00,79966.3,80114.2,79966.3,80069.8,15.37129
2026-09-04 12:43:00+00:00,80069.8,80087.8,79795.7,79795.7,12.254956
2026-09-04 12:44:00+00:00,79795.7,79797.7,79680.0,79680.0,13.177775
2026-09-04 12:45:00+00:00,79680.0,79696.7,79381.9,79393.0,44.489094
2026-09-04 12:46:00+00:00,79393.0,79432.5,79187.3,79206.5,45.215694
2026-09-04 12:47:00+00:00,79206.5,79412.7,79174.4,79386.5,29.791215
2026-09-04 12:48:00+00:00,79386.5,79433.0,79342.6,79418.7,16.125767
2026-09-04 12:49:00+00:00,79418.7,79496.1,79387.9,79455.6,10.347528
2026-09-04 12:50:00+00:00,79455.6,79564.0,79340.6,79558.0,29.311451
2026-09-04 12:51:00+00:00,79558.0,79584.4,79437.4,79437.4,22.285545
2026-09-04 12:52:00+00:00,79437.4,79584.8,79437.4,79567.8,5.982798
2026-09-04 12:53:00+00:00,79567.8,79655.6,79550.3,79655.5,15.485844
2026-09-04 12:54:00+00:00,79655.5,79655.6,79585.1,79621.6,9.455395
2026-09-04 12:55:00+00:00,79621.6,79621.6,79506.0,79531.2,7.081426
2026-09-04 12:56:00+00:00,79531.2,79531.2,79341.2,79357.0,17.529694
2026-09-04 12:57:00+00:00,79357.0,79447.0,79326.3,79416.9,9.835754
2026-09-04 12:58:00+00:00,79416.9,79549.4,79416.9,79526.9,12.273719
2026-09-04 12:59:00+00:00,79526.9,79526.9,79415.3,79457.4,6.684114
2026-09-04 13:00:00+00:00,79457.4,79461.0,79381.6,79422.6,9.179616
2026-09-04 13:01:00+00:00,79422.6,79549.6,79422.6,79536.0,9.534095
2026-09-04 13:02:00+00:00,79536.0,79579.9,79468.9,79544.3,16.383987
2026-09-04 13:03:00+00:00,79544.3,79587.3,79497.1,79500.6,7.880187
2026-09-04 13:04:00+00:00,79500.6,79530.7,79400.1,79415.5,8.744554
2026-09-04 13:05:00+00:00,79415.5,79461.2,79375.1,79444.6,10.735522
2026-09-04 13:06:00+00:00,79444.6,79453.3,79341.2,79358.4,9.167482
2026-09-04 13:07:00+00:00,79358.4,79389.8,79187.1,79217.4,15.163292
2026-09-04 13:08:00+00:00,79217.4,79414.9,79208.8,79400.0,15.454758
2026-09-04 13:09:00+00:00,79400.0,79467.5,79289.5,79289.5,6.619666
2026-09-04 13:10:00+00:00,79289.5,79318.6,79235.6,79256.6,5.606143
2026-09-04 13:11:00+00:00,79256.6,79354.7,79256.6,79334.4,6.545029
2026-09-04 13:12:00+00:00,79334.4,79334.4,79256.8,79302.8,10.151272
2026-09-04 13:13:00+00:00,79302.8,79352.8,79257.8,79271.4,7.861281
2026-09-04 13:14:00+00:00,79271.4,79275.1,79207.5,79237.1,3.916073
2026-09-04 13:15:00+00:00,79237.1,79252.1,79205.1,79242.9,4.645978
2026-09-04 13:16:00+00:00,79242.9,79371.7,79242.9,79342.8,6.565628
2026-09-04 13:17:00+00:00,79342.8,79419.6,79342.8,79397.1,6.253584
2026-09-04 13:18:00+00:00,79397.1,79397.1,79315.0,79376.7,4.100611
2026-09-04 13:19:00+00:00,79376.7,79387.8,79335.4,79349.4,5.791058
2026-09-04 13:20:00+00:00,79349.4,79397.0,79329.1,79397.0,6.114824
2026-09-04 13:21:00+00:00,79397.0,79440.9,79393.1,79440.9,3.181194
2026-09-04 13:22:00+00:00,79440.9,79456.3,79394.8,79395.5,4.009835
2026-09-04 13:23:00+00:00,79395.5,79446.9,79369.6,79434.4,7.637831
2026-09-04 13:24:00+00:00,79434.4,79434.4,79400.0,79413.9,5.278987
2026-09-04 13:25:00+00:00,79413.9,79502.8,79365.6,79476.8,7.206292
2026-09-04 13:26:00+00:00,79476.8,79478.0,79384.7,79395.6,4.134139
2026-09-04 13:27:00+00:00,79395.6,79418.2,79341.1,79341.1,4.480243
2026-09-04 13:28:00+00:00,79341.1,79345.4,79298.1,79327.4,6.414519
2026-09-04 13:29:00+00:00,79327.4,79349.2,79266.5,79314.0,7.496287
2026-09-04 13:30:00+00:00,79314.0,79553.9,79289.2,79450.6,14.232938
2026-09-04 13:31:00+00:00,79450.6,79472.8,79363.4,79446.6,6.209043
2026-09-04 13:32:00+00:00,79446.6,79481.5,79303.0,79361.9,9.087376
2026-09-04 13:33:00+00:00,79361.9,79412.0,79331.4,79361.7,4.513026
2026-09-04 13:34:00+00:00,79361.7,79361.7,79200.0,79270.6,9.656842
2026-09-04 13:35:00+00:00,79270.6,79271.8,79108.4,79108.4,24.940881
2026-09-04 13:36:00+00:00,79108.4,79158.9,78973.6,79006.8,31.879578
2026-09-04 13:37:00+00:00,79006.8,79418.2,79000.8,79417.9,32.13836
2026-09-04 13:38:00+00:00,79417.9,79432.2,79332.0,79346.0,11.311893
2026-09-04 13:39:00+00:00,79346.0,79389.1,79302.3,79353.7,7.837255
2026-09-04 13:40:00+00:00,79353.7,79424.2,79338.5,79338.5,7.75325
2026-09-04 13:41:00+00:00,79338.5,79441.5,79300.1,79387.0,9.450667
2026-09-04 13:42:00+00:00,79387.0,79444.9,79276.7,79372.8,7.552233
2026-09-04 13:43:00+00:00,79372.8,79432.6,79335.7,79408.4,6.01576
2026-09-04 13:44:00+00:00,79408.4,79428.7,79354.9,79409.7,12.258828
2026-09-04 13:45:00+00:00,79409.7,79446.1,79330.3,79438.1,7.655591
2026-09-04 13:46:00+00:00,79438.1,79602.8,79437.0,79602.7,15.470794
2026-09-04 13:47:00+00:00,79602.7,79715.4,79590.7,79715.4,28.973016
2026-09-04 13:48:00+00:00,79715.4,79715.4,79622.9,79662.3,12.998282
